# Unicode emoji and CLDR annotations, (c) Unicode, Inc., Unicode License v3.
#group 😀
😀	cara sonriendo divertido feliz sonrisa grinning face cheerful cheery grin happy laugh nice smile smiling teeth
😃	cara sonriendo con ojos grandes divertido risa grinning face with big eyes awesome grin happy mouth open smile smiling teeth yay
😄	cara sonriendo con ojos sonrientes abierta ojo sonrisa grinning face with smiling eyes eye grin happy laugh lol mouth open smile
😁	cara radiante con ojos sonrientes ojo risa sonrisa beaming face with smiling eyes eye grin grinning happy nice smile teeth
😆	cara sonriendo con los ojos cerrados abierta boca risa grinning squinting face closed eyes haha hahaha happy laugh lol mouth open rofl smile smiling
😅	cara sonriendo con sudor frio risa grinning face with sweat cold dejected excited mouth nervous open smile smiling stress stressed
🤣	cara revolviendose de la risa carcajada ojos cerrados rolling on the floor laughing crying face funny haha happy hehe hilarious joy laugh lmao lol rofl roflmao tear
😂	cara llorando de risa felicidad lagrima face with tears of joy crying feels funny haha happy hehe hilarious laugh lmao lol rofl roflmao tear
🙂	cara sonriendo ligeramente sonrisa slightly smiling face happy smile
🙃	cara al reves upside-down face hehe smile
🫠	cara derritiendose calor derretido derretirse desaparecer fundirse liquido melting face disappear dissolve embarrassed haha heat hot liquid lol melt sarcasm sarcastic
🫫	cara resquebrajandose desmoronar enmascarar resiliencia revelar romper tension transformacion cracking face breaking crumbling masking resilience reveal transformation
😉	cara guinando el ojo guino winking face flirt heartbreaker sexy slide tease wink winks
😊	cara feliz con ojos sonrientes ojo rubor sonrisa smiling face with eyes blush eye glad satisfied smile
😇	cara sonriendo con aureola angel halo sonrisa smiling face with angelic angels blessed fairy fairytale fantasy happy innocent peaceful smile spirit tale
🥰	cara sonriendo con corazones adorar amor enamorada enamorado smiling face with hearts 3 adore crush heart ily love romance smile you
😍	cara sonriendo con ojos de corazon amor sonrisa smiling face with heart-eyes 143 bae eye feels hearts ily kisses love romance romantic smile xoxo
🤩	cara sonriendo con estrellas sonrisa star-struck excited eyes face grinning smile star starry-eyed wow
😘	cara lanzando un beso face blowing a kiss adorbs bae flirt heart ily love lover miss muah romantic smooch xoxo you
😗	cara besando beso kissing face 143 date dating flirt ily kiss love smooch smooches xoxo you
☺️	cara sonriente contorno relajado sonrisa smiling face happy outlined relaxed smile
😚	cara besando con los ojos cerrados beso cerrado ojo kissing face with closed eyes 143 bae blush date dating eye flirt ily kisses smooches xoxo
😙	cara besando con ojos sonrientes beso ojo sonrisa kissing face with smiling eyes 143 closed date dating eye flirt ily kiss kisses love night smile
🥲	cara sonriente con lagrima agradecido aliviado emocionado orgulloso sonrisa smiling face with tear glad grateful happy joy pain proud relieved smile smiley touched
😋	cara saboreando comida delicioso hambre rico face savoring food delicious eat full hungry savor smile smiling tasty um yum yummy
😛	cara sacando la lengua face with tongue awesome cool nice party stuck-out sweet
😜	cara sacando la lengua y guinando un ojo guino winking face with tongue crazy epic eye funny joke loopy nutty party stuck-out wacky weirdo wink yolo
🤪	cara de loco grande ojo pequeno zany face crazy eye eyes goofy large small
😝	cara con ojos cerrados y lengua fuera ojo sabor squinting face with tongue closed eye eyes gross horrible omg stuck-out taste whatever yolo
🤑	cara con lengua de dinero boca money-mouth face money mouth paid
🤗	cara con manos abrazando abrazo sonrisa smiling face with open hands hug hugging
🤭	cara con mano sobre la boca ostras uy vaya face with hand over mouth giggle giggling oops realization secret shock sudden surprise whoops
🫢	cara con ojos abiertos y boca tapada alucinar asombro increible sorpresa verguenza face with open eyes and hand over mouth amazement awe disbelief embarrass gasp omg quiet scared shock surprise
🫣	cara tapada con ojo espiando espiar fascinado mirar vistazo face with peeking eye captivated embarrass hide hiding peek peep scared shy stare
🤫	cara pidiendo silencio callado shushing face quiet shh shush
🤔	cara pensativa duda pensando thinking face chin consider hmm ponder pondering wondering
🫡	cara saludando ejercito orden saludo si sol vale saluting face good luck ma’am ok respect salute sir troops yes
🤐	cara con la boca cerrada cremallera zipper-mouth face keep mouth quiet secret shut zip zipper
🤨	cara con ceja alzada desconfiado esceptico face with raised eyebrow disapproval disbelief distrust emoji hmm mild skeptic skeptical skepticism surprise what
😐	cara neutral inexpresivo face awkward blank deadpan expressionless fine jealous meh oh shade straight unamused unhappy unimpressed whatever
😑	cara sin expresion inexpresion inexpresiva inexpresivo expressionless face awkward dead fine inexpressive jealous meh not oh omg straight uh unhappy unimpressed whatever
😶	cara sin boca callado silencio face without mouth awkward blank expressionless mouthless mute quiet secret silence silent speechless
🫥	cara con linea de puntos depresivo deprimido desaparecer esconderse introvertido invisible dotted line face depressed disappear hidden hide introvert meh whatever wtv
😶‍🌫️	cara entre las nubes ausente cabeza en la niebla face in clouds absentminded fog head
😏	cara sonriendo con superioridad listillo smirking face boss dapper flirt homie kidding leer shade slick sly smirk smug snicker suave suspicious swag
😒	cara de desaprobacion insatisfaccion rechazo unamused face ... bored fine jealous jel jelly pissed smh ugh uhh unhappy weird whatever
🙄	cara con ojos en blanco frustracion vueltos face with rolling eyes eyeroll shade ugh whatever
😬	cara haciendo una mueca grimacing face awk awkward dentist grimace grinning smile smiling
😮‍💨	cara exhalando alivio bocanada exhalar jadear resoplido silbar face exhaling blow blowing exhale exhausted gasp groan relief sigh smiley smoke whisper whistle
🤥	cara de mentiroso nariz pinocho lying face liar lie pinocchio
🫨	cara temblorosa shock temblar terremoto vibrar shaking face crazy daze earthquake omg panic surprise vibrate whoa wow
🙂‍↔️	cabeza negando moviendose horizontalmente negar no head shaking horizontally shake
🙂‍↕️	cabeza asintiendo asentir moviendose verticalmente si head shaking vertically nod yes
😌	cara de alivio aliviado relieved face calm peace relief zen
😔	cara desanimada alicaido desanimado pensativo pensive face awful bored dejected died disappointed losing lost sad sucks
😪	cara de sueno dormir sleepy face crying good night sad sleep sleeping tired
🤤	cara babeando baba drooling face
😴	cara durmiendo dormido sueno zzz sleeping face bed bedtime good goodnight nap night sleep tired whatever yawn
🫩	cara con ojeras agotado agotamiento cansado cansancio extenuacion extenuado ojos sueno face with bags under eyes bored exhausted fatigued late sleepy tired weary
😷	cara con mascarilla medica enfermo malo mascara face with medical mask cold dentist dermatologist doctor dr germs medicine sick
🤒	cara con termometro enfermo malo face with thermometer ill sick
🤕	cara con la cabeza vendada dolor herida venda face with head-bandage bandage hurt injury ouch
🤢	cara de nauseas vomitar nauseated face gross nasty sick vomit
🤮	cara vomitando enfermo malo vomitar face vomiting barf ew gross puke sick spew throw up vomit
🤧	cara estornudando estornudar estornudo panuelo sneezing face fever flu gesundheit sick sneeze
🥵	cara con calor roja fiebre golpe de sudor hot face dying feverish heat panting red-faced stroke sweating tongue
🥶	cara con frio congelada congelado helado cold face blue blue-faced freezing frostbite icicles subzero teeth
🥴	cara de grogui atontado entonado intoxicado mareado woozy face dizzy drunk eyes intoxicated mouth tipsy uneven wavy
😵	cara mareada mareo face with crossed-out eyes dead dizzy feels knocked out sick tired
😵‍💫	cara con ojos en espiral hipnotizado indispuesto mareado mareo problema face with spiral eyes confused dizzy hypnotized omg smiley trouble whoa woah woozy
🤯	cabeza explotando explosion exploding head blown explode mind mindblown no shocked way
🤠	cara con sombrero de vaquero vaquera cowboy hat face cowgirl
🥳	cara de fiesta capirote celebracion gorro matasuegras partying face bday birthday celebrate celebration excited happy hat hooray horn party
🥸	cara disfrazada careta disfraz disimulo gafas incognito nariz disguised face disguise eyebrow glasses moustache mustache nose person spy tache tash
😎	cara sonriendo con gafas de sol guay smiling face with sunglasses awesome beach bright bro chilling cool rad relaxed shades slay smile style swag win
🤓	cara de empollon friki friqui nerd face brainy clever expert geek gifted glasses intelligent smart
🧐	cara con monoculo aristocratico estirado face with monocle classy fancy rich stuffy wealthy
😕	cara de confusion confuso confused face befuddled confusing dunno frown hm meh not sad sorry sure
🫤	cara con boca diagonal decepcion decepcionado esceptico inseguro jo vaya face with mouth confused confusion disappointed doubt doubtful frustrated frustration meh skeptical unsure whatever wtv
😟	cara preocupada preocupacion preocupado worried face anxious butterflies nerves nervous sad stress stressed surprised worry
🙁	cara con el ceno ligeramente fruncido slightly frowning face frown sad
☹️	cara con el ceno fruncido frowning face frown sad
😮	cara con la boca abierta face with open mouth believe forgot omg shocked surprised sympathy unbelievable unreal whoa wow you
😯	cara estupefacta alucinado estupefacto sorprendido hushed face epic omg stunned surprised whoa woah
😲	cara asombrada alucinado asombrado pasmado astonished face cost no omg shocked totally way
😳	cara sonrojada colorado sonrojado flushed face amazed awkward crazy dazed dead disbelief embarrassed geez heat hot impressed jeez what wow
🫪	cara deformada ansiedad conmocionado hinchado panico sorprendido vulnerable distorted face anxiety bloated panic shocked surprised
🥺	cara suplicante implorar ojos adorables piedad por favor pleading face begging big eyes mercy not please pretty puppy sad why
🥹	cara aguantandose las lagrimas emocion emocionado llorar orgulloso resistir triste face holding back tears admiration aww cry embarrassed feelings grateful gratitude joy please proud resist sad
😦	cara con el ceno fruncido y la boca abierta frowning face with open mouth caught frown guard scared scary surprise what wow
😧	cara angustiada angustia angustiado anguished face forgot scared scary stressed surprise unhappy what wow
😨	cara asustada asustado miedo miedoso fearful face afraid anxious blame fear scared worried
😰	cara con ansiedad y sudor frio anxious face with sweat blue cold eek mouth nervous open rushed scared yikes
😥	cara triste pero aliviada aliviado decepcionado menos mal sad but relieved face anxious call close complicated disappointed not sweat time whew
😢	cara llorando lagrima llorar triste crying face awful cry feels miss sad tear unhappy
😭	cara llorando fuerte lagrima llorar triste loudly crying face bawling cry sad sob tear tears unhappy
😱	cara gritando de miedo asustado panico face screaming in fear epic fearful munch scared scream screamer shocked surprised woah
😖	cara de frustracion frustrado confounded face annoyed confused cringe distraught feels frustrated mad sad
😣	cara desesperada desesperacion frustracion persevering face concentrate concentration focus headache persevere
😞	cara decepcionada decepcion decepcionado disappointed face awful blame dejected fail losing sad unhappy
😓	cara con sudor frio downcast face with sweat close cold feels headache nervous sad scared yikes
😩	cara agotada agotado cansado weary face crying fail feels hungry mad nooo sad sleepy tired unhappy
😫	cara cansada cansado tired face cost feels nap sad sneeze
🥱	cara de bostezo aburrido cansado dormido sueno yawning face bedtime bored goodnight nap night sleep sleepy tired whatever yawn zzz
😤	cara resoplando cabreo enfado face with steam from nose anger angry feels fume fuming furious fury mad triumph unhappy won
😡	cara cabreada cabreo enfadado furia enraged face anger angry feels mad maddening pouting rage red shade unhappy upset
😠	cara enfadada enfadado histerico angry face anger blame feels frustrated mad maddening rage shade unhappy upset
🤬	cara con simbolos en la boca maldecir palabrota simbolo face with symbols on mouth censor cursing cussing mad pissed swearing
😈	cara sonriendo con cuernos demonio sonrisa smiling face with horns demon devil evil fairy fairytale fantasy purple shade smile tale
👿	cara enfadada con cuernos demonio diablo angry face with horns demon devil evil fairy fairytale fantasy imp mischievous purple shade tale
💀	calavera cara cuento monstruo muerte skull body dead death face fairy fairytale i’m lmao monster tale yolo
☠️	calavera y huesos cruzados cara muerte skull and crossbones bone dead death face monster
💩	caca con ojos comic mierda mojon pile of poo bs doo dung face fml monster poop smelly smh stink stinks stinky turd
🤡	cara de payaso clown face
👹	demonio japones oni cara cuento cuernos sonrisa ogre creature devil face fairy fairytale fantasy mask monster scary tale
👺	demonio japones tengu cara cuento fantasia monstruo goblin angry creature face fairy fairytale fantasy mask mean monster tale
👻	fantasma cara criatura cuento monstruo ghost boo creature excited face fairy fairytale fantasy halloween haunting monster scary silly tale
👽	alienigena alien cara criatura extraterrestre ovni creature extraterrestrial face fairy fairytale fantasy monster space tale ufo
👾	monstruo alienigena alien cara criatura extraterrestre ovni monster creature extraterrestrial face fairy fairytale fantasy game gamer games pixelated space tale ufo
🤖	robot cara monstruo face monster
😺	gato sonriendo cara feliz alegre sonrisa grinning cat animal face mouth open smile smiling
😸	gato sonriendo con ojos sonrientes cara sonriente sonrisa grinning cat with smiling eyes animal eye face grin smile
😹	gato llorando de risa cara lagrima cat with tears of joy animal face laugh laughing lol tear
😻	gato sonriendo con ojos de corazon cara enamorado smiling cat with heart-eyes animal eye face heart love smile
😼	gato haciendo una mueca cara ironico sonrisa cat with wry smile animal face ironic
😽	gato besando beso cara carinoso kissing cat animal closed eye eyes face kiss
🙀	gato asustado cara panico preocupacion sorpresa weary cat animal face oh surprised
😿	gato llorando cara lagrima pena triste crying cat animal cry face sad tear
😾	gato enfadado cara pouting cat animal face
🙈	mono con los ojos tapados cara mal prohibido see-no-evil monkey embarrassed evil face forbidden forgot gesture hide no omg prohibited scared secret smh watch
🙉	mono con los oidos tapados cara mal prohibido hear-no-evil monkey animal ears evil face forbidden gesture hear listen no not prohibited secret shh tmi
🙊	mono con la boca tapada cara mal prohibido speak-no-evil monkey animal evil face forbidden gesture no not oops prohibited quiet secret speak stealth
💌	carta de amor corazon correo love letter heart mail romance valentine
💘	corazon con flecha amor emocion heart with arrow 143 adorbs cupid date emotion ily love romance valentine
💝	corazon con lazo emocion san valentin heart with ribbon 143 anniversary emotion ily kisses valentine xoxo
💖	corazon brillante amor emocion sparkling heart 143 emotion excited good ily kisses morning night sparkle xoxo
💗	corazon creciente emocionado latido nervioso growing heart 143 emotion excited heartpulse ily kisses muah nervous pulse xoxo
💓	corazon latiendo amor emocion latido beating heart 143 cardio emotion heartbeat ily love pulsating pulse
💞	corazones giratorios corazon giratorio revolving hearts 143 adorbs anniversary emotion heart
💕	dos corazones amantes amor corazon two hearts 143 anniversary date dating emotion heart ily kisses love loving xoxo
💟	adorno de corazon heart decoration 143 emotion hearth purple white
❣️	exclamacion de corazon puntuacion heart exclamation bang heavy mark punctuation
💔	corazon roto emocion partido broken heart break crushed emotion heartbroken lonely sad
❤️‍🔥	corazon en llamas amor fuego lujuria pasion heart on fire burn love lust sacred
❤️‍🩹	corazon vendado bien curarse mejor mejorar recuperacion salud mending heart healthier improving recovering recuperating well
❤️	corazon rojo emocion red heart emotion love
🩷	corazon rosa amor bonito gustar pink heart 143 adorable cute emotion ily like love special sweet
🧡	corazon naranja emocion orange heart 143
💛	corazon amarillo emocion yellow heart 143 cardiac emotion ily love
💚	corazon verde emocion green heart 143 emotion ily love romantic
💙	corazon azul emocion blue heart 143 emotion ily love romance
🩵	corazon azul claro celeste cian light blue heart 143 cute cyan emotion ily like love sky special teal
💜	corazon morado emocion purple heart 143 bestest emotion ily love
🤎	corazon marron emocion brown heart 143
🖤	corazon negro black heart evil wicked
🩶	corazon gris pizarra plata grey heart 143 emotion gray ily love silver slate special
🤍	corazon blanco emocion white heart 143
💋	marca de beso labios romance kiss mark dating emotion heart kissing lips sexy
💯	cien puntos 100 pleno hundred points a+ agree clearly definitely faithful fleek full keep perfect point score true truth yup
💢	simbolo de enfado comic enfadado anger symbol angry mad upset
🫯	nube de pelea alboroto altercado bronca desacuerdo discusion lucha fight cloud argument brawl debate disagreement ruckus wrestle
💥	colision comic collision bomb boom collide explode
💫	simbolo de mareo comic emocion estrella dizzy shining shooting star stars
💦	gotas de sudor comic emocion sweat droplets drip droplet drops splashing squirt water wet work workout
💨	salir corriendo carrera comic correr humo dashing away cloud dash fart fast go gone gotta running smoke
🕳️	agujero orificio hole
💬	bocadillo de dialogo comic conversacion speech balloon bubble dialog message sms talk text typing
👁️‍🗨️	ojo en bocadillo de texto testigo eye in speech bubble balloon witness
🗨️	bocadillo de dialogo por la izquierda burbuja conversacion left speech bubble balloon dialog
🗯️	bocadillo de enfado por la derecha cabreo rabia right anger bubble angry balloon mad
💭	bocadillo de pensamiento burbuja comic thought balloon bubble cartoon cloud daydream decisions dream idea invent invention realize think thoughts wonder
💤	simbolo de sueno comic dormir zzz good goodnight night sleep sleeping sleepy tired
#group 👋
👋	mano saludando agitar saludar saludo waving hand bye cya g2g greetings gtg hello hey hi later outtie ttfn ttyl wave yo you
🤚	dorso de la mano levantado raised back of hand backhand
🖐️	mano abierta dedo hand with fingers splayed finger raised stop
✋	mano levantada choca esos cinco raised hand 5 five high stop
🖖	saludo vulcano mano spock vulcan salute finger hand hands
🫱	mano hacia la derecha a rightwards hand handshake hold reach right rightward shake
🫲	mano hacia la izquierda a leftwards hand handshake hold left leftward reach shake
🫳	mano con la palma hacia abajo bajar descartar fuera no quita rechazar palm down hand dismiss drop dropped pick shoo up
🫴	mano con la palma hacia arriba acercate dame ofrecer trae ven palm up hand beckon catch come hold know lift me offer tell
🫷	mano empujando hacia la izquierda a choca esos cinco detener empujar rechazar stop leftwards pushing hand block five halt high hold leftward pause push refuse slap wait
🫸	mano empujando hacia la derecha a choca esos cinco detener empujar rechazar stop rightwards pushing hand block five halt high hold pause push refuse rightward slap wait
👌	senal de aprobacion con la mano ok hand awesome bet dope fleek fosho got gotcha legit okay pinch rad sure sweet three
🤌	dedos juntos apuntando hacia arriba gesto italia italiano mano sarcasmo pinched fingers gesture hand hold huh interrogation patience relax sarcastic ugh what zip
🤏	mano pellizcando pellizco poco poquito pinching hand amount bit fingers little small sort
✌️	mano con senal de victoria victory hand peace v
🤞	dedos cruzados cruzar mano suerte crossed fingers cross finger hand luck
🫰	mano con dedo indice y pulgar cruzados amor caro chasquido corazon dinero hand with index finger and thumb crossed <3 expensive heart love money snap
🤟	gesto de te quiero mano love-you gesture fingers hand ily love three you
🤘	mano haciendo el signo de cuernos dedo rock sign of the horns finger hand rock-on
🤙	mano haciendo el gesto de llamar menique pulgar call me hand hang loose shaka
👈	dorso de mano con indice a la izquierda dedo backhand index pointing left finger hand point
👉	dorso de mano con indice a la derecha dedo backhand index pointing right finger hand point
👆	dorso de mano con indice hacia arriba apuntar dedo backhand index pointing up finger hand point
🖕	dedo corazon hacia arriba mano peineta middle finger hand
👇	dorso de mano con indice hacia abajo apuntar dedo backhand index pointing down finger hand point
☝️	dedo indice hacia arriba apuntar mano index pointing up finger hand point this
🫵	dedo indice apuntandote a ti apuntar tu index pointing at the viewer finger hand poke you
👍	pulgar hacia arriba mano senal thumbs up +1 good hand like thumb yes
👎	pulgar hacia abajo mano senal thumbs down -1 bad dislike good hand no nope thumb
🫹	pulgar hacia la izquierda agarrar eso esto neutral senalar leftwards thumb sign grip left point that this
🫺	pulgar hacia la derecha agarrar eso esto neutral senalar rightwards thumb sign grip point right that this
✊	puno en alto cerrado mano punetazo raised fist clenched hand punch solidarity
👊	puno cerrado punetazo oncoming fist absolutely agree boom bro bruh bump clenched correct hand knuckle pound punch rock ttyl
🤛	puno hacia la izquierda left-facing fist leftwards
🤜	puno hacia la derecha right-facing fist rightwards
👏	manos aplaudiendo aplaudir palmas senal clapping hands applause approval awesome clap congrats congratulations excited good great hand homie job nice prayed well yay
🙌	manos levantadas celebrando celebracion gesto hurra mano raising hands celebration gesture hand hooray praise raised
🫶	manos formando un corazon amor heart hands <3 love you
👐	manos abiertas open hands hand hug jazz swerve
🤲	palmas hacia arriba juntas oracion palms up together cupped dua hands pray prayer wish
🤝	apreton de manos acuerdo handshake agreement deal hand meeting shake
🙏	manos en oracion gracias mano orar por favor rezar folded hands appreciate ask beg blessed bow cmon five gesture hand high please pray thanks thx
✍️	mano escribiendo escribir lapiz writing hand write
💅	pintarse las unas cosmetica esmalte manicura nail polish bored care cosmetics done makeup manicure whatever
🤳	selfi autofoto camara selfie telefono camera phone
💪	biceps flexionado comic fuerte musculo flexed arm beast bench bodybuilder bro curls flex gains gym jacked muscle press ripped strong weightlift
🦾	brazo mecanico accesibilidad ortopedia protesis mechanical arm accessibility prosthetic
🦿	pierna mecanica accesibilidad ortopedia protesis mechanical leg accessibility prosthetic
🦵	pierna extremidad patada leg bent foot kick knee limb
🦶	pie patada pisoton foot ankle feet kick stomp
👂	oreja cuerpo ear body ears hear hearing listen listening sound
🦻	oreja con audifono accesibilidad protesis auditiva sordo ear with hearing aid accessibility hard
👃	nariz cuerpo nose body noses nosey odor smell smells
🧠	cerebro inteligente brain intelligent smart
🫀	corazon humano anatomia cardiologia latido organo pulso anatomical heart beat cardiology heartbeat organ pulse real red
🫁	pulmones exhalar inhalar organo respiracion respirar lungs breath breathe exhalation inhalation lung organ respiration
🦷	diente dentista molar muela tooth dentist pearly teeth white
🦴	hueso esqueleto bone bones dog skeleton wishbone
👀	ojos cara eyes body eye face googly look looking omg peep see seeing
👁️	ojo cuerpo eye 1 body one
👅	lengua cuerpo tongue body lick slurp
👄	boca labios mouth beauty body kiss kissing lips lipstick
🫦	labio mordido ansioso incomodo ligar miedo nervioso preocupado biting lip anxious bite fear flirt flirting kiss lipstick nervous sexy uncomfortable worried worry
👶	bebe joven nino baby babies children goo infant newborn pregnant young
🧒	infante crio genero joven neutro child bright-eyed grandchild kid young younger
👦	nino joven boy bright-eyed child grandson kid son young younger
👧	nina chica joven girl bright-eyed child daughter granddaughter kid virgo young younger zodiac
🧑	persona adulta genero neutro person adult
👱	persona adulta rubia rubias rubio rubios person blond hair blond-haired human
👨	hombre adulto man adult bro
🧔	persona con barba barbas barbudo person beard bearded whiskers
🧔‍♂️	hombre barba man beard bearded whiskers
🧔‍♀️	mujer barba woman beard bearded whiskers
👨‍🦰	hombre pelo pelirrojo adulto man red hair adult bro
👨‍🦱	hombre pelo rizado adulto man curly hair adult bro
👨‍🦳	hombre pelo blanco adulto man white hair adult bro
👨‍🦲	hombre sin pelo adulto man bald adult bro
👩	mujer adulta woman adult lady
👩‍🦰	mujer pelo pelirrojo adulta woman red hair adult lady
🧑‍🦰	persona adulta pelo pelirrojo genero neutro person red hair adult
👩‍🦱	mujer pelo rizado adulta woman curly hair adult lady
🧑‍🦱	persona adulta pelo rizado genero neutro person curly hair adult
👩‍🦳	mujer pelo blanco adulta woman white hair adult lady
🧑‍🦳	persona adulta pelo blanco genero neutro person white hair adult
👩‍🦲	mujer sin pelo adulta woman bald adult lady
🧑‍🦲	persona adulta sin pelo genero neutro person bald adult
👱‍♀️	mujer rubia rubiales woman blond hair blond-haired blonde
👱‍♂️	hombre rubio rubiales man blond hair blond-haired
🧓	persona mayor adulto genero neutro no especificado maduro older person adult elderly grandparent old wise
👴	anciano hombre mayor old man adult bald elderly gramps grandfather grandpa wise
👵	anciana mayor mujer old woman adult elderly grandma grandmother granny lady wise
🙍	persona frunciendo el ceno fruncido gesto person frowning annoyed disappointed disgruntled disturbed frown frustrated gesture irritated upset
🙍‍♂️	hombre frunciendo el ceno fruncido gesto man frowning annoyed disappointed disgruntled disturbed frown frustrated gesture irritated upset
🙍‍♀️	mujer frunciendo el ceno fruncido gesto woman frowning annoyed disappointed disgruntled disturbed frown frustrated gesture irritated upset
🙎	persona haciendo pucheros gesto person pouting disappointed downtrodden frown grimace scowl sulk upset whine
🙎‍♂️	hombre haciendo pucheros gesto man pouting disappointed downtrodden frown grimace scowl sulk upset whine
🙎‍♀️	mujer haciendo pucheros gesto woman pouting disappointed downtrodden frown grimace scowl sulk upset whine
🙅	persona haciendo el gesto de "no" mano no prohibido person gesturing forbidden gesture hand not prohibit
🙅‍♂️	hombre haciendo el gesto de "no" mano prohibido man gesturing no forbidden gesture hand not prohibit
🙅‍♀️	mujer haciendo el gesto de "no" mano prohibido woman gesturing no forbidden gesture hand not prohibit
🙆	persona haciendo el gesto de "de acuerdo" mano ok vale person gesturing exercise gesture hand omg
🙆‍♂️	hombre haciendo el gesto de "de acuerdo" mano ok vale man gesturing exercise gesture hand omg
🙆‍♀️	mujer haciendo el gesto de "de acuerdo" mano ok vale woman gesturing exercise gesture hand omg
💁	persona de mostrador informacion mano person tipping hand fetch flick flip gossip sarcasm sarcastic sassy seriously whatever
💁‍♂️	empleado de mostrador informacion hombre mano man tipping hand fetch flick flip gossip sarcasm sarcastic sassy seriously whatever
💁‍♀️	empleada de mostrador informacion mano mujer woman tipping hand fetch flick flip gossip sarcasm sarcastic sassy seriously whatever
🙋	persona con la mano levantada feliz gesto levantar person raising hand gesture here know me pick question raise
🙋‍♂️	hombre con la mano levantada gesto levantar man raising hand gesture here know me pick question raise
🙋‍♀️	mujer con la mano levantada gesto levantar woman raising hand gesture here know me pick question raise
🧏	persona sorda accesibilidad escuchar oido oir sordera deaf person accessibility ear gesture hear
🧏‍♂️	hombre sordo sordera deaf man accessibility ear gesture hear
🧏‍♀️	mujer sorda sordera deaf woman accessibility ear gesture hear
🙇	persona haciendo una reverencia disculpa gesto perdon person bowing apology ask beg bow favor forgive gesture meditate meditation pity regret sorry
🙇‍♂️	hombre haciendo una reverencia disculpa gesto perdon man bowing apology ask beg bow favor forgive gesture meditate meditation pity regret sorry
🙇‍♀️	mujer haciendo una reverencia disculpa gesto perdon woman bowing apology ask beg bow favor forgive gesture meditate meditation pity regret sorry
🤦	persona con la mano en frente facepalm incredulidad person facepalming again bewilder disbelief exasperation no not oh omg shock smh
🤦‍♂️	hombre con la mano en frente facepalm incredulidad man facepalming again bewilder disbelief exasperation no not oh omg shock smh
🤦‍♀️	mujer con la mano en frente facepalm incredulidad woman facepalming again bewilder disbelief exasperation no not oh omg shock smh
🤷	persona encogida de hombros duda encogerse indiferencia person shrugging doubt dunno guess idk ignorance indifference knows maybe shrug whatever who
🤷‍♂️	hombre encogido de hombros duda encogerse indiferencia man shrugging doubt dunno guess idk ignorance indifference knows maybe shrug whatever who
🤷‍♀️	mujer encogida de hombros duda encogerse indiferencia woman shrugging doubt dunno guess idk ignorance indifference knows maybe shrug whatever who
🧑‍⚕️	profesional sanitario doctor enfermero medico salud terapeuta health worker healthcare nurse therapist
👨‍⚕️	profesional sanitario hombre doctor enfermero medico terapeuta man health worker healthcare nurse therapist
👩‍⚕️	profesional sanitario mujer doctora enfermera medica sanitaria terapeuta woman health worker doctor healthcare nurse therapist
🧑‍🎓	estudiante graduado licenciado universitario student graduate
👨‍🎓	estudiante hombre graduado licenciado universitario man student graduate
👩‍🎓	estudiante mujer graduada licenciada universitaria woman student graduate
🧑‍🏫	docente educador ensenanza instructor maestro profesor teacher lecturer professor
👨‍🏫	docente hombre educador instructor maestro profesor man teacher lecturer professor
👩‍🏫	docente mujer educadora instructora maestra profesora woman teacher instructor lecturer professor
🧑‍⚖️	fiscal juez juicio magistrado judge justice law scales
👨‍⚖️	fiscal hombre juez justicia magistrado man judge justice law scales
👩‍⚖️	fiscal mujer jueza justicia magistrada woman judge justice law scales
🧑‍🌾	profesional de la agricultura agricultor cultivador granjero jardinero labrador farmer gardener rancher
👨‍🌾	profesional de la agricultura hombre agricultor campo granjero labrador man farmer gardener rancher
👩‍🌾	profesional de la agricultura mujer agricultora campo granjera labradora woman farmer gardener rancher
🧑‍🍳	chef cocinero cocinillas guisandero pinche cook
👨‍🍳	chef hombre cocinero pinche man cook
👩‍🍳	chef mujer cocinera pinche woman cook
🧑‍🔧	profesional de la mecanica electricista fontanero mecanico operario tecnico mechanic electrician plumber tradesperson
👨‍🔧	profesional de la mecanica hombre electricista fontanero mecanico operario man mechanic electrician plumber tradesperson
👩‍🔧	profesional de la mecanica mujer electricista fontanera operaria woman mechanic electrician plumber tradesperson
🧑‍🏭	profesional industrial fabrica montaje obrero operario trabajador factory worker assembly
👨‍🏭	profesional industrial hombre fabrica montaje obrero operario trabajador man factory worker assembly
👩‍🏭	profesional industrial mujer fabrica montaje obrera operaria trabajadora woman factory worker assembly
🧑‍💼	oficinista arquitecto director ejecutivo empresa office worker architect business manager white-collar
👨‍💼	oficinista hombre director ejecutivo empresa oficina man office worker architect business manager white-collar
👩‍💼	oficinista mujer directora ejecutiva empresa oficina woman office worker architect business manager white-collar
🧑‍🔬	profesional de la ciencia biologo cientifico fisico investigador quimico scientist biologist chemist engineer mathematician physicist
👨‍🔬	profesional de la ciencia hombre biologo cientifico fisico quimico man scientist biologist chemist engineer mathematician physicist
👩‍🔬	profesional de la ciencia mujer biologa cientifica fisica quimica woman scientist biologist chemist engineer mathematician physicist
🧑‍💻	profesional de la tecnologia desarrollador informatico programador software tecnologo technologist coder computer developer inventor
👨‍💻	profesional de la tecnologia hombre desarrollador informatico programador tecnologo man technologist coder computer developer inventor software
👩‍💻	profesional de la tecnologia mujer desarrolladora informatica programadora tecnologa woman technologist coder computer developer inventor software
🧑‍🎤	cantante artista estrella rock singer actor entertainer rockstar star
👨‍🎤	cantante hombre artista estrella rock man singer actor entertainer rockstar star
👩‍🎤	cantante mujer artista estrella rock woman singer actor entertainer rockstar star
🧑‍🎨	artista paleta pintor pinturas artist palette
👨‍🎨	artista hombre paleta pintor pinturas man artist palette
👩‍🎨	artista mujer paleta pintora pinturas woman artist palette
🧑‍✈️	piloto avion capitan vuelo pilot plane
👨‍✈️	piloto hombre avion capitan vuelo man pilot plane
👩‍✈️	piloto mujer avion capitana vuelo woman pilot plane
🧑‍🚀	astronauta cohete espacio astronaut rocket space
👨‍🚀	astronauta hombre cohete espacio man astronaut rocket space
👩‍🚀	astronauta mujer cohete espacio woman astronaut rocket space
🧑‍🚒	bombero camion manguera firefighter fire firetruck
👨‍🚒	bombero hombre apagafuegos camion manguera man firefighter fire firetruck
👩‍🚒	bombera apagafuegos mujera camion manguera woman firefighter fire firetruck
👮	agente de policia personas police officer apprehend arrest citation cop law over pulled undercover
👮‍♂️	agente de policia hombre poli man police officer apprehend arrest citation cop law over pulled undercover
👮‍♀️	agente de policia mujer poli woman police officer apprehend arrest citation cop law over pulled undercover
🕵️	detective cara espia sleuth spy
🕵️‍♂️	detective hombre agente espia investigador man sleuth spy
🕵️‍♀️	detective mujer agente espia investigadora woman sleuth spy
💂	guardia real britanica guard buckingham helmet london palace
💂‍♂️	guardia hombre vigilante man guard buckingham helmet london palace
💂‍♀️	guardia mujer vigilante woman guard buckingham helmet london palace
🥷	ninja furtivo guerrero luchador oculto sigilo assassin fight fighter hidden person secret skills sly soldier stealth war
👷	profesional de la construccion casco obrero trabajador construction worker build fix hardhat hat man person rebuild remodel repair work
👷‍♂️	profesional de la construccion hombre albanil obrero trabajador man construction worker build fix hardhat hat rebuild remodel repair work
👷‍♀️	profesional de la construccion mujer albanila obrera trabajadora woman construction worker build fix hardhat hat man rebuild remodel repair work
🫅	persona con corona majestad monarca monarquia noble real realeza person with crown monarch regal royal royalty
🤴	principe corona prince crown fairy fairytale fantasy king royal royalty tale
👸	princesa cuento fantasia hadas princess crown fairy fairytale fantasy queen royal royalty tale
👳	persona con turbante person wearing turban
👳‍♂️	hombre con turbante man wearing turban
👳‍♀️	mujer con turbante woman wearing turban
👲	persona con gorro chino gua pi mao person with skullcap cap chinese guapi hat
🧕	mujer con hiyab panuelo woman with headscarf bandana head hijab kerchief mantilla tichel
🤵	persona con esmoquin novio person in tuxedo formal wedding
🤵‍♂️	hombre con esmoquin man in tuxedo formal groom wedding
🤵‍♀️	mujer con esmoquin woman in tuxedo formal wedding
👰	persona con velo boda novia person with veil wedding
👰‍♂️	hombre con velo boda novio man with veil wedding
👰‍♀️	mujer con velo boda novia woman with veil bride wedding
🤰	mujer embarazada pregnant woman
🫃	hombre embarazado barriga hinchado hinchazon inflado lleno pregnant man belly bloated full overeat
🫄	persona embarazada barriga embarazo gestacion hinchazon pregnant person belly bloated full overeat stuffed
🤱	lactancia materna amamantar bebe dar pecho breast-feeding baby breast feeding mom mother nursing woman
👩‍🍼	mujer alimentando a bebe alimentar amamantar lactancia woman feeding baby feed mom mother nanny newborn nursing
👨‍🍼	hombre alimentando a bebe alimentar amamantar lactancia man feeding baby dad father feed nanny newborn nursing
🧑‍🍼	persona alimentando a bebe alimentar amamantar lactancia person feeding baby feed nanny newborn nursing parent
👼	bebe angel cara cuento baby church face fairy fairytale fantasy tale
🎅	papa noel celebracion claus cuento fantasia feliz fiestas navidad padre santa celebration christmas fairy fantasy father holiday merry tale xmas
🤶	mama noel celebracion claus cuento fantasia feliz fiestas madre navidad santa mrs. celebration christmas fairy fantasy holiday merry mother mrs tale xmas
🧑‍🎄	noel celebracion claus cuento fantasia feliz fiestas navidad santa mx celebration christmas fairy fantasy holiday merry tale xmas
🦸	personaje de superheroe bien heroe heroina superheroina superpoder superhero good hero superpower
🦸‍♂️	superheroe bueno heroe hombre superhombre superpoder man superhero good hero superpower
🦸‍♀️	superheroina bondad heroe heroina mujer superheroe superpoder woman superhero good hero heroine superpower
🦹	personaje de supervillano mal superpoder supervillana villana villano supervillain bad criminal evil superpower villain
🦹‍♂️	supervillano hombre mal malvado villano man supervillain bad criminal evil superpower villain
🦹‍♀️	supervillana mal malvada mujer villana woman supervillain bad criminal evil superpower villain
🧙	persona maga bruja brujo hechicera hechicero mage fantasy magic play sorcerer sorceress sorcery spell summon witch wizard
🧙‍♂️	mago brujo hechicero man mage fantasy magic play sorcerer sorceress sorcery spell summon witch wizard
🧙‍♀️	maga bruja hechicera woman mage fantasy magic play sorcerer sorceress sorcery spell summon witch wizard
🧚	hada campanilla oberon puck titania fairy fairytale fantasy myth person pixie tale wings
🧚‍♂️	hada hombre oberon puck man fairy fairytale fantasy myth person pixie tale wings
🧚‍♀️	hada mujer campanilla titania woman fairy fairytale fantasy myth person pixie tale wings
🧛	vampiro dracula muerto viviente no vampire blood fangs halloween scary supernatural teeth undead
🧛‍♂️	vampiro hombre dracula muerto viviente no man vampire blood fangs halloween scary supernatural teeth undead
🧛‍♀️	vampiresa muerta viviente no woman vampire blood fangs halloween scary supernatural teeth undead
🧜	persona sirena triton merperson creature fairytale folklore ocean sea siren trident
🧜‍♂️	sirena hombre triton merman creature fairytale folklore neptune ocean poseidon sea siren trident
🧜‍♀️	sirena mermaid creature fairytale folklore merwoman ocean sea siren trident
🧝	elfo magico elf elves enchantment fantasy folklore magic magical myth
🧝‍♂️	elfo hombre magico man elf elves enchantment fantasy folklore magic magical myth
🧝‍♀️	elfa magico mujer woman elf elves enchantment fantasy folklore magic magical myth
🧞	genio lampara genie djinn fantasy jinn lamp myth rub wishes
🧞‍♂️	genio hombre djinn lampara man genie fantasy jinn lamp myth rub wishes
🧞‍♀️	genio mujer lampara woman genie djinn fantasy jinn lamp myth rub wishes
🧟	zombi muerto viviente no zombie apocalypse dead halloween horror scary undead walking
🧟‍♂️	zombi hombre caminante muerto viviente no man zombie apocalypse dead halloween horror scary undead walking
🧟‍♀️	zombi mujer caminante muerta viviente no woman zombie apocalypse dead halloween horror scary undead walking
🧌	trol cuento de hadas fantasia monstruo troll fairy fantasy monster tale trolling
🫈	criatura peluda bigfoot bosque criptido gigante monstruo peludo sasquatch yeti hairy creature cryptid forest giant woodwose
💆	persona recibiendo masaje cara facial salon person getting massage face headache relax relaxing soothe spa tension therapy treatment
💆‍♂️	hombre recibiendo masaje cara facial salon man getting massage face headache relax relaxing soothe spa tension therapy treatment
💆‍♀️	mujer recibiendo masaje cara facial salon woman getting massage face headache relax relaxing soothe spa tension therapy treatment
💇	persona cortandose el pelo belleza corte peluquero person getting haircut barber beauty chop cosmetology cut groom hair parlor shears style
💇‍♂️	hombre cortandose el pelo belleza corte peluquero man getting haircut barber beauty chop cosmetology cut groom hair parlor person shears style
💇‍♀️	mujer cortandose el pelo belleza corte peluquero woman getting haircut barber beauty chop cosmetology cut groom hair parlor person shears style
🚶	persona caminando andar caminar person walking amble gait hike man pace pedestrian stride stroll walk
🚶‍♂️	hombre caminando andar caminata marcha man walking amble gait hike pace pedestrian stride stroll walk
🚶‍♀️	mujer caminando andar caminata marcha woman walking amble gait hike man pace pedestrian stride stroll walk
🚶‍➡️	persona caminando hacia la derecha andar caminar person walking facing right amble gait hike man pace pedestrian stride stroll walk
🚶‍♀️‍➡️	mujer caminando hacia la derecha andar caminata marcha woman walking facing right amble gait hike man pace pedestrian stride stroll walk
🚶‍♂️‍➡️	hombre caminando hacia la derecha andar caminata marcha man walking facing right amble gait hike pace pedestrian stride stroll walk
🧍	persona de pie levantada levantado levantarse person standing stand
🧍‍♂️	hombre de pie levantado levantarse man standing stand
🧍‍♀️	mujer de pie levantada levantarse woman standing stand
🧎	persona de rodillas arrodillada arrodillado arrodillarse person kneeling kneel knees
🧎‍♂️	hombre de rodillas arrodillado arrodillarse man kneeling kneel knees
🧎‍♀️	mujer de rodillas arrodillada arrodillarse woman kneeling kneel knees
🧎‍➡️	persona de rodillas hacia la derecha arrodillada arrodillado arrodillarse person kneeling facing right kneel knees
🧎‍♀️‍➡️	mujer de rodillas hacia la derecha arrodillada arrodillarse woman kneeling facing right kneel knees
🧎‍♂️‍➡️	hombre de rodillas hacia la derecha arrodillado arrodillarse man kneeling facing right kneel knees
🧑‍🦯	persona con baston accesibilidad ciego invidente person with white cane accessibility blind probing
🧑‍🦯‍➡️	persona con baston hacia la derecha accesibilidad ciego invidente person with white cane facing right accessibility blind probing
👨‍🦯	hombre con baston accesibilidad ciego invidente man with white cane accessibility blind probing
👨‍🦯‍➡️	hombre con baston hacia la derecha accesibilidad ciego invidente man with white cane facing right accessibility blind probing
👩‍🦯	mujer con baston accesibilidad ciega invidente woman with white cane accessibility blind probing
👩‍🦯‍➡️	mujer con baston hacia la derecha accesibilidad ciega invidente woman with white cane facing right accessibility blind probing
🧑‍🦼	persona en silla de ruedas electrica accesibilidad person in motorized wheelchair accessibility
🧑‍🦼‍➡️	persona en silla de ruedas electrica hacia la derecha accesibilidad person in motorized wheelchair facing right accessibility
👨‍🦼	hombre en silla de ruedas electrica accesibilidad man in motorized wheelchair accessibility
👨‍🦼‍➡️	hombre en silla de ruedas electrica hacia la derecha accesibilidad man in motorized wheelchair facing right accessibility
👩‍🦼	mujer en silla de ruedas electrica accesibilidad woman in motorized wheelchair accessibility
👩‍🦼‍➡️	mujer en silla de ruedas electrica hacia la derecha accesibilidad woman in motorized wheelchair facing right accessibility
🧑‍🦽	persona en silla de ruedas manual accesibilidad person in wheelchair accessibility
🧑‍🦽‍➡️	persona en silla de ruedas manual hacia la derecha accesibilidad person in wheelchair facing right accessibility
👨‍🦽	hombre en silla de ruedas manual accesibilidad man in wheelchair accessibility
👨‍🦽‍➡️	hombre en silla de ruedas manual hacia la derecha accesibilidad man in wheelchair facing right accessibility
👩‍🦽	mujer en silla de ruedas manual accesibilidad woman in wheelchair accessibility
👩‍🦽‍➡️	mujer en silla de ruedas manual hacia la derecha accesibilidad woman in wheelchair facing right accessibility
🏃	persona corriendo carrera deporte maraton person running fast hurry marathon move quick race racing run rush speed
🏃‍♂️	hombre corriendo carrera correr maraton man running fast hurry marathon move quick race racing run rush speed
🏃‍♀️	mujer corriendo carrera correr maraton woman running fast hurry marathon move quick race racing run rush speed
🏃‍➡️	persona corriendo hacia la derecha carrera deporte maraton person running facing right fast hurry marathon move quick race racing run rush speed
🏃‍♀️‍➡️	mujer corriendo hacia la derecha carrera correr maraton woman running facing right fast hurry marathon move quick race racing run rush speed
🏃‍♂️‍➡️	hombre corriendo hacia la derecha carrera correr maraton man running facing right fast hurry marathon move quick race racing run rush speed
🧑‍🩰	bailarina de ballet bailarin dancer
💃	mujer bailando bailar woman dancing dance dancer elegant festive flair flamenco groove let’s salsa tango
🕺	hombre bailando bailar man dancing dance dancer elegant festive flair flamenco groove let’s salsa tango
🕴️	persona trajeada levitando levitar negocios traje person in suit levitating business
👯	personas con orejas de conejo bailar fiesta people with bunny ears bestie bff counterpart dancer double ear identical pair party partying soulmate twin twinsies
👯‍♂️	hombres con orejas de conejo bailar fiesta hombre men with bunny ears bestie bff counterpart dancer double ear identical pair party partying people soulmate twin twinsies
👯‍♀️	mujeres con orejas de conejo bailar fiesta mujer women with bunny ears bestie bff counterpart dancer double ear identical pair party partying people soulmate twin twinsies
🧖	persona en una sauna vapor person in steamy room day luxurious pamper relax spa steam steambath unwind
🧖‍♂️	hombre en una sauna vapor man in steamy room day luxurious pamper relax spa steam steambath unwind
🧖‍♀️	mujer en una sauna vapor woman in steamy room day luxurious pamper relax spa steam steambath unwind
🧗	persona escalando alpinista escalador person climbing climb climber mountain rock scale up
🧗‍♂️	hombre escalando alpinista escalador man climbing climb climber mountain rock scale up
🧗‍♀️	mujer escalando alpinista escaladora woman climbing climb climber mountain rock scale up
🤺	persona haciendo esgrima esgrimista espada person fencing fencer sword
🏇	carrera de caballos caballo carreras jinete horse racing jockey racehorse riding sport
⛷️	persona esquiando esqui esquiador nieve skier ski snow
🏂	practicante de snowboard nieve snowboarder ski snow sport
🏌️	persona jugando al golf golfista pelota person golfing ball birdie caddy driving green pga putt range tee
🏌️‍♂️	hombre jugando al golf jugador man golfing ball birdie caddy driving green pga putt range tee
🏌️‍♀️	mujer jugando al golf jugadora woman golfing ball birdie caddy driving green pga putt range tee
🏄	persona haciendo surf surfear person surfing beach ocean sport surfer swell waves
🏄‍♂️	hombre haciendo surf surfero surfista man surfing beach ocean sport surfer swell waves
🏄‍♀️	mujer haciendo surf surfera surfista woman surfing beach ocean person sport surfer swell waves
🚣	persona remando en un bote barca remo person rowing boat canoe cruise fishing lake oar paddle raft river row rowboat
🚣‍♂️	hombre remando en un bote barca remo man rowing boat canoe cruise fishing lake oar paddle raft river row rowboat
🚣‍♀️	mujer remando en un bote barca remo woman rowing boat canoe cruise fishing lake oar paddle raft river row rowboat
🏊	persona nadando nadar natacion person swimming freestyle sport swim swimmer triathlon
🏊‍♂️	hombre nadando nadar man swimming freestyle sport swim swimmer triathlon
🏊‍♀️	mujer nadando nadar woman swimming freestyle man sport swim swimmer triathlon
⛹️	persona botando un balon botar pelota person bouncing ball athletic basketball championship dribble net player throw
⛹️‍♂️	hombre botando un balon botar pelota man bouncing ball athletic basketball championship dribble net player throw
⛹️‍♀️	mujer botando un balon botar pelota woman bouncing ball athletic basketball championship dribble net player throw
🏋️	persona levantando pesas halterofilia levantador peso person lifting weights barbell bodybuilder deadlift lifter powerlifting weight weightlifter workout
🏋️‍♂️	hombre levantando pesas halterofilia levantador de man lifting weights barbell bodybuilder deadlift lifter powerlifting weight weightlifter workout
🏋️‍♀️	mujer levantando pesas halterofilia levantadora de woman lifting weights barbell bodybuilder deadlift lifter powerlifting weight weightlifter workout
🚴	persona en bicicleta ciclismo ciclista person biking bicycle bicyclist bike cycle cyclist riding sport
🚴‍♂️	hombre en bicicleta ciclismo ciclista man biking bicycle bicyclist bike cycle cyclist riding sport
🚴‍♀️	mujer en bicicleta ciclismo ciclista woman biking bicycle bicyclist bike cycle cyclist riding sport
🚵	persona en bicicleta de montana ciclista mountain bike person biking bicycle bicyclist cycle cyclist riding sport
🚵‍♂️	hombre en bicicleta de montana ciclista mountain bike man biking bicycle bicyclist cycle cyclist riding sport
🚵‍♀️	mujer en bicicleta de montana ciclista mountain bike woman biking bicycle bicyclist cycle cyclist riding sport
🤸	persona haciendo voltereta lateral acrobacia gimnasia pirueta rueda person cartwheeling active cartwheel excited flip gymnastics happy somersault
🤸‍♂️	hombre dando una voltereta lateral deporte gimnasia rueda man cartwheeling active cartwheel excited flip gymnastics happy somersault
🤸‍♀️	mujer dando una voltereta lateral deporte gimnasia rueda woman cartwheeling active cartwheel excited flip gymnastics happy somersault
🤼	personas luchando lucha luchador people wrestling combat duel grapple ring tournament wrestle
🤼‍♂️	hombres luchando deporte hombre lucha luchador men wrestling combat duel grapple ring tournament wrestle
🤼‍♀️	mujeres luchando deporte lucha luchadora mujer women wrestling combat duel grapple ring tournament wrestle
🤽	persona jugando al waterpolo waterpolista person playing water polo sport swimming
🤽‍♂️	hombre jugando al waterpolo agua deporte waterpolista man playing water polo sport swimming
🤽‍♀️	mujer jugando al waterpolo agua deporte waterpolista woman playing water polo sport swimming
🤾	persona jugando al balonmano balonmanista person playing handball athletics ball catch chuck hurl lob pitch sport throw toss
🤾‍♂️	hombre jugando al balonmano balonmanista deporte man playing handball athletics ball catch chuck hurl lob pitch sport throw toss
🤾‍♀️	mujer jugando al balonmano balonmanista deporte woman playing handball athletics ball catch chuck hurl lob pitch sport throw toss
🤹	persona haciendo malabares equilibrio malabarismo malabarista person juggling act balance balancing handle juggle manage multitask skill
🤹‍♂️	hombre haciendo malabares malabarismo malabarista man juggling act balance balancing handle juggle manage multitask skill
🤹‍♀️	mujer haciendo malabares malabarismo malabarista woman juggling act balance balancing handle juggle manage multitask skill
🧘	persona en posicion de loto meditacion yoga person in lotus position cross legged legs meditation peace relax serenity yogi zen
🧘‍♂️	hombre en posicion de loto meditacion yoga man in lotus position cross legged legs meditation peace relax serenity yogi zen
🧘‍♀️	mujer en posicion de loto meditacion yoga woman in lotus position cross legged legs meditation peace relax serenity yogi zen
🛀	persona en la banera bano person taking bath bathtub tub
🛌	persona en la cama dormir hotel person in bed bedtime good goodnight nap night sleep tired zzz
🧑‍🤝‍🧑	dos personas de la mano pareja persona people holding hands bae bestie bff couple dating flirt friends hand hold twins
👭	mujeres de la mano lesbianas novias pareja women holding hands bae bestie bff couple dating flirt friends girls hand hold sisters twins
👫	mujer y hombre de la mano novios pareja woman and man holding hands bae bestie bff couple dating flirt friends hand hold twins
👬	hombres de la mano gays novios pareja men holding hands bae bestie bff boys brothers couple dating flirt friends hand hold twins
💏	beso personas romance kiss anniversary babe bae couple date dating heart love mwah person together xoxo
👩‍❤️‍💋‍👨	beso mujer y hombre personas romance kiss woman man anniversary babe bae couple date dating heart love mwah person together xoxo
👨‍❤️‍💋‍👨	beso hombre y personas romance kiss man anniversary babe bae couple date dating heart love mwah person together xoxo
👩‍❤️‍💋‍👩	beso mujer y personas romance kiss woman anniversary babe bae couple date dating heart love mwah person together xoxo
💑	pareja enamorada amor personas enamoradas couple with heart anniversary babe bae dating kiss love person relationship romance together you
👩‍❤️‍👨	pareja enamorada mujer y hombre amor personas enamoradas couple with heart woman man anniversary babe bae dating kiss love person relationship romance together you
👨‍❤️‍👨	pareja enamorada hombre y amor personas enamoradas couple with heart man anniversary babe bae dating kiss love person relationship romance together you
👩‍❤️‍👩	pareja enamorada mujer y amor personas enamoradas couple with heart woman anniversary babe bae dating kiss love person relationship romance together you
👨‍👩‍👦	familia hombre mujer nino family man woman boy child
👨‍👩‍👧	familia hombre mujer nina family man woman girl child
👨‍👩‍👧‍👦	familia hombre mujer nina nino family man woman girl boy child
👨‍👩‍👦‍👦	familia hombre mujer nino family man woman boy child
👨‍👩‍👧‍👧	familia hombre mujer nina family man woman girl child
👨‍👨‍👦	familia hombre nino family man boy child
👨‍👨‍👧	familia hombre nina family man girl child
👨‍👨‍👧‍👦	familia hombre nina nino family man girl boy child
👨‍👨‍👦‍👦	familia hombre nino family man boy child
👨‍👨‍👧‍👧	familia hombre nina family man girl child
👩‍👩‍👦	familia mujer nino family woman boy child
👩‍👩‍👧	familia mujer nina family woman girl child
👩‍👩‍👧‍👦	familia mujer nina nino family woman girl boy child
👩‍👩‍👦‍👦	familia mujer nino family woman boy child
👩‍👩‍👧‍👧	familia mujer nina family woman girl child
👨‍👦	familia hombre y nino family man boy child
👨‍👦‍👦	familia hombre nino family man boy child
👨‍👧	familia hombre y nina family man girl child
👨‍👧‍👦	familia hombre nina nino family man girl boy child
👨‍👧‍👧	familia hombre nina family man girl child
👩‍👦	familia mujer y nino family woman boy child
👩‍👦‍👦	familia mujer nino family woman boy child
👩‍👧	familia mujer y nina family woman girl child
👩‍👧‍👦	familia mujer nina nino family woman girl boy child
👩‍👧‍👧	familia mujer nina family woman girl child
🗣️	cabeza parlante cara hablar silueta speaking head face silhouette speak
👤	silueta de busto bust in silhouette mysterious shadow
👥	dos siluetas de bustos busts in silhouette bff bust everyone friend friends people
🫂	personas abrazandose abrazo adios despedida gracias saludo people hugging comfort embrace farewell friendship goodbye hello hug love thanks
👪	familia family child
🧑‍🧑‍🧒	familia adulto nino family adult child
🧑‍🧑‍🧒‍🧒	familia adulto nino family adult child
🧑‍🧒	familia adulto nino family adult child
🧑‍🧒‍🧒	familia adulto nino family adult child
👣	huellas de pies footprints barefoot clothing footprint omw print walk
🫆	huella dactilar delito detective forense digital identidad misterio rastro seguridad fingerprint clue crime forensics identity mystery print safety trace
#group 🐻
🐵	cara de mono monkey face animal banana
🐒	mono macaco simio monkey animal banana
🦍	gorila primate simio gorilla animal
🦧	orangutan mono primate simio animal ape monkey
🐶	cara de perro mascota dog face adorbs animal pet puppies puppy
🐕	perro cachorro perrete perrito dog animal animals dogs pet
🦮	perro guia accesibilidad ciego invidente lazarillo guide dog accessibility animal blind
🐕‍🦺	perro de servicio accesibilidad apoyo asistencia service dog accessibility animal assistance
🐩	caniche perrito perro poodle animal dog fluffy
🐺	lobo cara wolf animal face
🦊	zorro cara fox animal face
🦝	mapache astuto curioso ladino maquillaje ojeras raccoon animal curious sly
🐱	cara de gato mascota cat face animal kitten kitty pet
🐈	gato gatete minino cat animal animals cats kitten pet
🐈‍⬛	gato negro mala suerte black cat animal feline halloween meow unlucky
🦁	leon cara leo zodiaco lion alpha animal face mane order rawr roar safari strong zodiac
🐯	cara de tigre tiger face animal big cat predator
🐅	tigre felino tiger animal big cat predator zoo
🐆	leopardo felino leopard animal big cat predator zoo
🐴	cara de caballo horse face animal dressage equine farm horses
🫎	alce animal asta ciervo canadiense cuernos mamifero uapiti moose alces antlers elk mammal
🫏	burro animal asno borrico mamifero mula terco donkey ass hinny mammal mule stubborn
🐎	caballo de carreras caballos ecuestre horse animal equestrian farm racehorse racing
🦄	unicornio cara unicorn face
🦓	cebra raya zebra animal stripe
🦌	ciervo bambi cervatillo deer animal
🦬	bisonte bufalo cibolo bison animal buffalo herd wisent
🐮	cara de vaca cow face animal farm milk moo
🐂	buey cabestro tauro zodiaco ox animal animals bull farm taurus zodiac
🐃	bufalo de agua water buffalo animal zoo
🐄	vaca bovino res cow animal animals farm milk moo
🐷	cara de cerdo gorrino pig face animal bacon farm pork
🐖	cerdo cochino gorrino puerco pig animal bacon farm pork sow
🐗	jabali cerdo salvaje boar animal pig
🐽	nariz de cerdo cara morro pig nose animal face farm smell snout
🐏	carnero aries morueco zodiaco ram animal horns male sheep zodiac zoo
🐑	oveja borrego cordero ovino ewe animal baa farm female fluffy lamb sheep wool
🐐	cabra capricornio caprino chivo zodiaco goat animal capricorn farm milk zodiac
🐪	dromedario camello desierto joroba camel animal desert dromedary hump one
🐫	camello bactriano desierto dromedario jorobas two-hump camel animal bactrian desert hump two
🦙	llama alpaca guanaco lana vicuna animal wool
🦒	jirafa manchas giraffe animal spots
🐘	elefante paquidermo elephant animal
🦣	mamut colmillo extinguido lanudo mammoth animal extinction large tusk wooly
🦏	rinoceronte paquidermo rhinoceros animal
🦛	hipopotamo paquidermo hippopotamus animal hippo
🐭	cara de raton mouse face animal
🐁	raton roedor mouse animal animals
🐀	rata roedor rat animal
🐹	hamster cara mascota animal face pet
🐰	cara de conejo mascota rabbit face animal bunny pet
🐇	conejo conejito gazapo rabbit animal bunny pet
🐿️	ardilla chipmunk animal squirrel
🦫	castor roedor beaver animal dam teeth
🦔	erizo espinas puas hedgehog animal spiny
🦇	murcielago vampiro bat animal vampire
🐻	oso cara bear animal face grizzly growl honey
🐻‍❄️	oso polar artico blanco bear animal arctic white
🐨	koala cara marsupial animal australia bear down face under
🐼	panda cara oso animal bamboo face
🦥	perezoso gandul lento vago sloth lazy slow
🦦	nutria bromista jugueton pesca otter animal fishing playful
🦨	mofeta apestar hedor mal olor peste tufo skunk animal stink
🦘	canguro marsupial saltar salto kangaroo animal joey jump
🦡	tejon ratel de la miel melero badger animal honey pester
🐾	huellas de pezunas paw prints feet paws print
🦃	pavo ave turkey bird gobble thanksgiving
🐔	gallina ave gallinacea pollo chicken animal bird ornithology
🐓	gallo ave gallina gallinacea pollo rooster animal bird ornithology
🐣	pollito rompiendo el cascaron ave huevo pollo hatching chick animal baby bird egg
🐤	pollito ave pollo polluelo baby chick animal bird ornithology
🐥	pollito de frente ave pollo front-facing baby chick animal bird newborn ornithology
🐦	pajaro ave pajarillo bird animal ornithology
🐧	pinguino ave penguin animal antarctica bird ornithology
🕊️	paloma ave pajaro paz dove bird fly ornithology peace
🦅	aguila ave eagle animal bird ornithology
🦆	pato ave duck animal bird ornithology
🦢	cisne ave patito feo swan animal bird cygnet duckling ornithology ugly
🦉	buho ave lechuza pajaro owl animal bird ornithology wise
🦤	dodo ave dronte extinguido mauricio pajaro animal bird extinction large ornithology
🪶	pluma ave ligero pajaro plumaje feather bird flight light plumage
🦩	flamenco extravangante ostentoso tropical flamingo animal bird flamboyant ornithology
🦚	pavo real ave orgulloso plumas peacock animal bird colorful ornithology ostentatious peahen pretty proud
🦜	loro ave hablar papagayo pirata parrot animal bird ornithology pirate talk
🪽	ala angel angelical ave mitologia pajaro volar wing angelic ascend aviation bird fly flying heavenly mythology soar
🐦‍⬛	pajaro negro cuervo grajo mirlo black bird animal beak caw corvid crow ornithology raven rook
🪿	oca ave ganso graznar pajaro goose animal bird duck flock fowl gaggle gander geese honk ornithology silly
🐦‍🔥	fenix ave de fuego fantasia reencarnacion renacer phoenix ascend ascension emerge fantasy firebird glory immortal rebirth reincarnation reinvent renewal revival revive rise transform
🐸	rana cara frog animal face
🐊	cocodrilo caiman crocodile animal zoo
🐢	tortuga galapago turtle animal terrapin tortoise
🦎	lagarto lagartija reptil lizard animal reptile
🐍	serpiente culebra reptil vibora snake animal bearer ophiuchus serpent zodiac
🐲	cara de dragon cuento fantasia face animal fairy fairytale tale
🐉	dragon cuento fantasia animal fairy fairytale knights tale
🦕	sauropodo braquiosaurio brontosaurio diplodocus sauropod brachiosaurus brontosaurus dinosaur
🦖	t-rex tiranosaurio rex dinosaur t tyrannosaurus
🐳	ballena soltando un chorro de agua spouting whale animal beach face ocean
🐋	ballena cachalote cetaceo whale animal beach ocean
🐬	delfin cetaceo dolphin animal beach flipper ocean
🫍	orca ballena mar marino oceano marine ocean whale
🦭	foca leon marino seal animal lion ocean sea
🐟	pez pececillo pescado piscis zodiaco fish animal dinner fishes fishing pisces zodiac
🐠	pez tropical fish animal fishes
🐡	pez globo blowfish animal fish
🦈	tiburon pez shark animal fish
🐙	pulpo cefalopodo octopodo octopus animal creature ocean
🐚	caracola concha espiral spiral shell animal beach conch sea
🪸	coral arrecife oceano change climate ocean reef sea
🪼	medusa invertebrado marino picadura picar jellyfish animal aquarium burn invertebrate jelly life marine ocean ouch plankton sea sting stinger tentacles
🦀	cangrejo animal cancer zodiaco crab zodiac
🦞	bogavante langosta marisco pinzas lobster animal bisque claws seafood
🦐	gamba camaron comida langostino marisco shrimp food shellfish small
🦑	calamar comida molusco squid animal food mollusk
🦪	ostra buceo perla oyster diving pearl
🐌	caracol caracola molusco snail animal escargot garden nature slug
🦋	mariposa bonito insecto butterfly insect pretty
🫌	mariposa monarca cambio esperanza fragil insecto metamorfosis migracion oruga transformacion monarch butterfly caterpillar change fragile hope insect metamorphosis migration transformation
🐛	bicho gusano insecto bug animal garden insect
🐜	hormiga antenas insecto ant animal garden insect
🐝	abeja insecto miel honeybee animal bee bumblebee honey insect nature spring
🪲	escarabajo bicho insecto beetle animal bug insect
🐞	mariquita cochinilla insecto lady beetle animal garden insect ladybird ladybug nature
🦗	grillo saltamontes cricket animal bug grasshopper insect orthoptera
🪳	cucaracha alimana bicho insecto plaga cockroach animal insect pest roach
🕷️	arana insecto spider animal insect
🕸️	tela de arana telarana spider web
🦂	escorpion escorpio zodiaco scorpion scorpio scorpius zodiac
🦟	mosquito fiebre insecto malaria virus bite disease fever insect pest
🪰	mosca basura bicho mal olor podrido fly animal disease insect maggot pest rotting
🪱	gusano lombriz oruga parasito worm animal annelid earthworm parasite
🦠	microbio ameba bacteria germen virus microbe amoeba science
💐	ramo de flores bouquet anniversary birthday date flower love plant romance
🌸	flor de cerezo cherry blossom flower plant spring springtime
💮	flor blanca white flower
🪷	loto budismo flor hinduismo pureza lotus beauty buddhism calm flower hinduism peace purity serenity
🏵️	roseta flor planta rosette plant
🌹	rosa flor rose beauty elegant flower love plant red valentine
🥀	flor marchita marchitada marchitarse wilted flower dying
🌺	flor de hibisco hibiscus flower plant
🌻	girasol flor sol sunflower flower outdoors plant sun
🌼	flor blossom buttercup dandelion flower plant
🌷	tulipan flor tulip blossom flower growth plant
🪻	campanilla boca de dragon flor jacinto lavanda lila lupino hyacinth bloom bluebonnet flower indigo lavender lilac lupine plant purple shrub snapdragon spring violet
🌱	planta joven planton seedling plant sapling sprout young
🪴	planta de maceta crecer tiesto potted plant decor grow house nurturing pot
🌲	arbol de hoja perenne evergreen tree christmas forest pine
🌳	arbol de hoja caduca caducifolio deciduous tree forest green habitat shedding
🌴	palmera arbol de palma palm tree beach plant tropical
🌵	cactus planta desert drought nature plant
🌾	espiga de arroz planta sheaf of rice ear grain grains plant
🌿	hierba hoja verde herb leaf plant
☘️	trebol planta shamrock irish plant
🍀	trebol de cuatro hojas suerte four leaf clover 4 four-leaf irish lucky plant
🍁	hoja de arce maple leaf falling
🍂	hojas caidas caida fallen leaf autumn fall falling
🍃	hojas revoloteando al viento hoja revolotear soplar leaf fluttering in wind blow flutter
🪹	nido vacio anidacion anidamiento anidar empty nest branch home nesting
🪺	nido con huevos anidacion anidamiento anidar nest with eggs bird branch egg nesting
🍄	champinon hongo seta mushroom fungus toadstool
🪾	arbol sin hojas deshojado esteril invierno madera muerto ramas sequia tronco leafless tree bare barren branches dead drought trunk winter wood
#group 🍔
🍇	uvas agracejo fruta racimo uva grapes dionysus fruit grape
🍈	melon fruta cantaloupe fruit
🍉	sandia fruta watermelon fruit
🍊	mandarina fruta naranja tangerine c citrus fruit nectarine orange vitamin
🍋	limon citrico citron fruta lemon citrus fruit sour
🍋‍🟩	lima citrico fruta tropical lime acidity citrus cocktail fruit garnish key margarita mojito refreshing salsa sour tangy tequila zest
🍌	platano banana fruta fruit potassium
🍍	pina ananas fruta pineapple colada fruit tropical
🥭	mango fruta tropical food fruit
🍎	manzana roja fruta poma red apple diet food fruit health ripe
🍏	manzana verde fruta poma green apple fruit
🍐	pera fruta perilla pear fruit
🍑	melocoton durazno fruta peach fruit
🍒	cerezas cereza fruta guindas cherries berries cherry fruit red
🍓	fresa freson fruta strawberry berry fruit
🫐	arandanos arandano azul baya frutos del bosque mirtilo blueberries berries berry bilberry blue blueberry food fruit
🥝	kiwi comida fruta fruit food
🍅	tomate ensalada fruta verdura tomato food fruit vegetable
🫒	aceituna aperitivo comida oliva olive food
🥥	coco palmera pina colada coconut palm
🥑	aguacate comida fruta avocado food fruit
🍆	berenjena fruto verdura eggplant aubergine vegetable
🥔	patata comida papa verdura potato food vegetable
🥕	zanahoria comida verdura carrot food vegetable
🌽	espiga de maiz mazorca mijo ear of corn crops farm maize maze
🌶️	chile picante planta hot pepper
🫑	pimiento aji chile morron rojo verdura bell pepper capsicum food vegetable
🥒	pepino comida pepinillo verdura cucumber food pickle vegetable
🫝	pepinillo aperitivo condimento encurtido fermentar pepino salmuera pickle brine condiment cucumber ferment gherkin relish trouble
🥬	verdura de hoja verde bok choy col kale lechuga pak choi leafy green burgers cabbage lettuce salad
🥦	brocoli col repollo broccoli cabbage wild
🧄	ajo condimento vampiro garlic flavoring
🧅	cebolla condimento llorar onion flavoring
🥜	cacahuetes cacahuete comida fruto seco verdura peanuts food nut peanut vegetable
🫘	alubias comida habichuela roja habichuelas judia judias legumbre beans food kidney legume small
🌰	castana castano fruto seco chestnut almond plant
🫚	raiz de jengibre cerveza especia garganta ginger root beer health herb natural spice
🫛	vaina edamame guisante judias legumbre soja verdura pea pod beans beanstalk legume soybean vegetable veggie
🍄‍🟫	champinon marron comida hongo naturaleza seta vegetal brown mushroom food fungi fungus nature pizza portobello shiitake shroom spore sprout toppings truffle vegetable vegetarian veggie
🫜	tuberculo comestible chirivia comida ensalada huerto nabo rabano raiz remolacha vegetariano verdura root vegetable beet food garden radish salad turnip vegetarian
🍞	pan de molde rebanada tostada bread carbs food grain loaf restaurant toast wheat
🥐	cruasan bollo comida croissant frances bread breakfast crescent food french roll
🥖	baguete baguette barra comida frances pan bread food french
🫓	pan sin levadura arepa naan pita tortilla flatbread bread food gordita lavash
🥨	bretzel galleta salada pretzel convoluted twisted
🥯	bagel bocadillo pan panaderia bakery bread breakfast schmear
🥞	tortitas comida dulce pancakes postre tortita breakfast crepe food hotcake pancake
🧇	gofre waffle breakfast indecisive iron
🧀	cuna de queso trozo cheese wedge
🍖	carne con hueso restaurante meat on bone
🍗	muslo de pollo restaurante poultry leg bone chicken drumstick hungry turkey
🥩	corte de carne chuleta filete cut of meat chop lambchop porkchop red steak
🥓	beicon bacon carne comida panceta breakfast food meat
🍔	hamburguesa burger hamburger eat fast food hungry
🍟	patatas fritas papas restaurante french fries fast food
🍕	pizza porcion restaurante cheese food hungry pepperoni slice
🌭	perrito caliente salchicha hot dog frankfurter hotdog sausage
🥪	sandwich bocadillo bocata emparedado bread
🌮	taco comida mexicano mexican
🌯	burrito comida mexicano tex mex wrap mexican
🫔	tamal mejicano mexicano wrap tamale food mexican pamonha wrapped
🥙	pan relleno comida durum falafel kebab de pita stuffed flatbread food gyro
🧆	falafel albondiga garbanzo chickpea meatball
🥚	huevo comida egg breakfast food
🍳	cocinar freir huevo sarten cooking breakfast easy egg fry frying over pan restaurant side sunny up
🥘	paella arroz comida shallow pan of food casserole
🍲	olla de comida puchero restaurante pot of food soup stew
🫕	fondue chocolate olla queso suizo cheese food melted pot ski
🥣	cuenco con cuchara cereal desayuno bowl with spoon breakfast congee oatmeal porridge
🥗	ensalada bol comida verde green salad food
🍿	palomitas maiz popcorn corn movie pop
🧈	mantequilla lacteo butter dairy
🧂	sal condimento salero salt condiment flavor mad salty shaker taste upset
🥫	comida enlatada conserva lata canned food can
🍱	caja de bento comida restaurante box food
🍘	galleta de arroz rice cracker food
🍙	bola de arroz japones onigiri restaurante rice ball food japanese
🍚	arroz cocido restaurante cooked rice food
🍛	arroz con curry restaurante rice food
🍜	tazon de fideos calientes chinos ramen steaming bowl chopsticks food noodle pho soup
🍝	espagueti pasta restaurante spaghetti food meatballs restaurant
🍠	patata asada papa restaurante roasted sweet potato food
🍢	brocheta japones marisco oden pincho food kebab restaurant seafood skewer stick
🍣	sushi restaurante food
🍤	gamba frita frito restaurante fried shrimp prawn tempura
🍥	pastel de pescado japones comida japonesa fish cake with swirl food pastry restaurant
🥮	pastel de luna festival otono yuebing moon cake autumn
🍡	dango japones pincho postre restaurante dessert japanese skewer stick sweet
🥟	dumpling comida gyoza jiaozi masa empanada pierogi potsticker
🥠	galleta de la fortuna adivinacion profecia supersticion fortune cookie prophecy
🥡	caja para llevar recipiente restaurante takeout box chopsticks delivery food oyster pail
🍦	cucurucho de helado dulce restaurante soft ice cream dessert food icecream restaurant serve sweet
🍧	granizado hawaiano helado hielo postre raspado shaved ice dessert restaurant sweet
🍨	helado postre sorbete ice cream dessert food restaurant sweet
🍩	donut berlina pastel rosquilla doughnut breakfast dessert food sweet
🍪	galleta dulce pasta postre cookie chip chocolate dessert sweet
🎂	tarta de cumpleanos celebracion birthday cake bday celebration dessert happy pastry sweet
🍰	trozo de tarta pedazo restaurante shortcake cake dessert pastry slice sweet
🧁	magdalena cupcake dulce reposteria bakery dessert sprinkles sugar sweet treat
🥧	pastel masa relleno pie apple filling fruit meat pastry pumpkin slice
🍫	tableta de chocolate barra restaurante bar candy dessert halloween sweet tooth
🍬	caramelo chuche chucheria dulce golosina candy cavities dessert halloween restaurant sweet tooth wrapper
🍭	piruleta chuche chucheria dulce golosina lollipop candy dessert food restaurant sweet
🍮	flan dulce postre pudding custard dessert sweet
🍯	tarro de miel dulce honey pot barrel bear food honeypot jar sweet
🍼	biberon bebe bibe bibi botella leche baby bottle babies birth born drink infant milk newborn
🥛	vaso de leche bebida glass of milk drink
☕	bebida caliente cafe te hot beverage caffeine chai coffee drink morning steaming tea
🫖	tetera bebida infusion te teapot brew drink food pot tea
🍵	tazon de te bebida taza teacup without handle beverage cup drink oolong tea
🍶	sake bar bebida botella restaurante tazon beverage bottle cup drink restaurant
🍾	botella descorchada bar beber cava corcho bottle with popping cork drink
🍷	copa de vino bar bebida vaso wine glass alcohol beverage booze club drink drinking drinks restaurant
🍸	copa de coctel bar restaurante cocktail glass alcohol booze club drink drinking drinks mad martini men
🍹	bebida tropical bar restaurante drink alcohol booze club cocktail drinking drinks drunk mai party tai tropics
🍺	jarra de cerveza bar restaurante beer mug alcohol ale booze drink drinking drinks octoberfest oktoberfest pint stein summer
🍻	jarras de cerveza brindando bar jarra restaurante clinking beer mugs alcohol booze bottoms cheers clink drinking drinks
🥂	copas brindando bebida brindar brindis celebracion copa clinking glasses celebrate clink drink glass
🥃	vaso de whisky chupito copa licor tumbler glass liquor scotch shot whiskey
🫗	liquido derramandose bebida derramar vacio vaso verter pouring liquid accident drink empty glass oops pour spill water
🥤	vaso con pajita refresco zumo cup with straw drink juice malt soda soft water
🧋	te de burbujas boba bubble tea burbuja leche perla food milk pearl
🧃	tetrabrik brick carton envase zumo beverage box juice straw sweet
🧉	mate bebida infusion drink
🧊	cubito de hielo frio iceberg ice cold cube
🥢	palillos cubiertos hashi chopsticks jeotgarak kuaizi
🍽️	cuchillo y tenedor con un plato restaurante fork and knife with plate cooking dinner eat
🍴	tenedor y cuchillo restaurante fork and knife breakfast breaky cooking cutlery delicious dinner eat feed food hungry lunch restaurant yum yummy
🥄	cuchara cubiertos cucharilla spoon eat tableware
🔪	cuchillo de cocina arma cocinar kitchen knife chef cooking hocho tool weapon
🫙	tarro almacenar condimento frasco recipiente salsa vacio jar condiment container empty nothing sauce store
🏺	anfora acuario beber jarra zodiaco amphora aquarius cooking drink jug tool weapon zodiac
#group 🚗
🌍	globo terraqueo mostrando europa y africa mundo planeta tierra globe showing europe-africa earth europe world
🌎	globo terraqueo mostrando america mundo planeta tierra globe showing americas earth world
🌏	globo terraqueo mostrando asia y australia mundo planeta tierra globe showing asia-australia earth world
🌐	globo terraqueo con meridianos mundo tierra globe with meridians earth internet web world worldwide
🗺️	mapa mundial mapamundi mundo world map
🗾	mapa de japon map of japan
🧭	brujula compas magnetico navegacion orientacion compass direction magnetic navigation orienteering
🏔️	montana con nieve frio snow-capped mountain cold snow
⛰️	montana monte mountain
🛘	desprendimiento alud avalancha desastre montana peligro rocas terremoto landslide avalanche danger disaster earthquake mountain mudslide rocks
🌋	volcan erupcion volcanica volcano eruption mountain nature
🗻	monte fuji montana naturaleza mount mountain nature
🏕️	camping acampada campamento vacaciones
🏖️	playa y sombrilla beach with umbrella
🏜️	desierto arena desert
🏝️	isla desierta desert island
🏞️	parque nacional national park
🏟️	estadio stadium
🏛️	edificio clasico classical building
🏗️	construccion edificio obra building construction crane
🧱	ladrillo arcilla cemento muro pared brick bricks clay mortar wall
🪨	piedra pedrusco pena penasco roca rock boulder heavy solid stone tough
🪵	madera hoguera lena madero palos tronco wood log lumber timber
🛖	cabana casa yurta hut home house roundhouse shelter yurt
🏘️	casas edificio urbanizacion houses house
🏚️	casa abandonada deshabitada inhabitada vacia derelict house home
🏠	casa vivienda house building country heart home ranch settle simple suburban suburbia where
🏡	casa con jardin construccion vivienda house with garden building country heart home ranch settle simple suburban suburbia where
🏢	edificio de oficinas construccion office building city cubical job
🏣	oficina de correos japonesa edificio japon japanese post office building
🏤	oficina de correos europea edificio europa post office building european
🏥	hospital doctor edificio medicina medico building medicine
🏦	banco banca edificio bank building
🏨	hotel alojamiento edificio turismo building
🏩	hotel del amor edificio love building
🏪	tienda 24 horas edificio establecimiento de comestibles convenience store building hours
🏫	colegio edificio escuela school building
🏬	grandes almacenes comercio department store building
🏭	fabrica edificio industria factory building
🏯	castillo japones construccion japanese castle building
🏰	castillo europeo construccion castle building european
💒	iglesia celebrando boda romance wedding chapel hitched nuptials
🗼	torre de tokio tokyo tower
🗽	estatua de la libertad nueva ny nyc york statue of liberty new
⛪	iglesia cristianismo cruz edificio religion church bless chapel christian cross
🕌	mezquita islam religion mosque masjid muslim
🛕	templo hindu temple
🕍	sinagoga judaismo religion synagogue jew jewish judaism temple
⛩️	santuario sintoista japon religion sintoismo shinto shrine
🕋	kaaba hach islam musulman religion umrah hajj muslim
⛲	fuente fountain
⛺	tienda de campana camping vacaciones tent
🌁	bruma niebla foggy fog
🌃	noche estrellada estrellas night with stars star
🏙️	paisaje urbano ciudad edificio cityscape city
🌄	amanecer sobre montanas montana salida sol sunrise over mountains morning sun
🌅	amanecer salida del sol sunrise morning nature sun
🌆	ciudad al atardecer edificios paisaje cityscape at dusk building city evening landscape sun sunset
🌇	puesta del sol edificios sunset building dusk sun
🌉	puente de noche bridge at night
♨️	aguas termales termas vapor hot springs hotsprings steaming
🎠	caballo de tiovivo entretenimiento carousel horse entertainment
🛝	tobogan jugar parque de atracciones playground slide amusement park play playing sliding theme
🎡	noria de feria atracciones entretenimiento ferris wheel amusement park theme
🎢	montana rusa atracciones entretenimiento feria parque roller coaster amusement park theme
💈	poste de barbero barberia peluquero barber pole cut fresh haircut shave
🎪	carpa de circo entretenimiento circus tent
🚂	locomotora de vapor tren vehiculo locomotive caboose engine railway steam train trains travel
🚃	vagon ferrocarril tranvia tren electrico vehiculo railway car electric train tram travel trolleybus
🚄	tren de alta velocidad ave ferrocarril rapido high-speed train railway shinkansen speed
🚅	tren bala shinkansen vehiculo velocidad bullet train high-speed nose railway speed travel
🚆	tren ferrocarril vehiculo train arrived choo railway
🚇	metro subterraneo suburbano transporte subway travel
🚈	tren ligero ferrocarril transporte light rail arrived monorail railway
🚉	estacion de tren station railway train
🚊	tranvia transporte trolebus tram trolleybus
🚝	monorrail ferrocarril monocarril transporte tren monorail vehicle
🚞	ferrocarril de montana vehiculo mountain railway car trip
🚋	vagon de tranvia vehiculo tram car bus trolley trolleybus
🚌	autobus bus transporte school vehicle
🚍	autobus proximo vehiculo oncoming bus cars
🚎	trolebus transporte tranvia trolleybus bus tram trolley
🚐	minibus autobus bus transporte drive van vehicle
🚑	ambulancia asistencia medica transporte vehiculo ambulance emergency vehicle
🚒	coche de bomberos camion fuego vehiculo fire engine truck
🚓	coche de policia patrulla vehiculo police car 5–0 cops patrol
🚔	coche de policia proximo patrulla vehiculo oncoming police car
🚕	taxi coche vehiculo cab cabbie car drive vehicle yellow
🚖	taxi proximo vehiculo oncoming cab cabbie cars drove hail yellow
🚗	coche automovil vehiculo automobile car driving vehicle
🚘	coche proximo automovil vehiculo oncoming automobile car cars drove vehicle
🚙	vehiculo deportivo utilitario camping caravana furgoneta vacaciones sport utility vehicle car drive recreational sportutility
🛻	camioneta pickup ranchera truck automobile car flatbed pick-up transportation
🚚	camion de reparto mercancias transporte vehiculo delivery truck car drive vehicle
🚛	camion articulado trailer vehiculo articulated lorry car drive move semi truck vehicle
🚜	tractor agricultura vehiculo vehicle
🏎️	coche de carreras racing car zoom
🏍️	moto carreras motocicleta vehiculo motorcycle racing
🛵	scooter escuter moto motor
🦽	silla de ruedas manual accesibilidad wheelchair accessibility
🦼	silla de ruedas electrica accesibilidad motorized wheelchair accessibility
🛺	mototaxi rickshaw tuk auto
🚲	bicicleta bici vehiculo bicycle bike class cycle cycling cyclist gang ride spin spinning
🛴	patinete kick scooter
🛹	monopatin skateboard tabla board skate skater wheels
🛼	patines patin de 4 ruedas cuatro roller skate blades skates sport
🚏	parada de autobus bus stop busstop
🛣️	autopista carretera motorway highway road
🛤️	via de tren railway track train
🛢️	barril de petroleo bidon oil drum
⛽	surtidor de gasolina bomba combustible fuel pump diesel fuelpump gas gasoline station
🛞	rueda circulo girar neumatico rodar wheel car circle tire turn vehicle
🚨	luces de policia coche police car light alarm alert beacon emergency revolving siren
🚥	semaforo horizontal luz senales de trafico traffic light intersection signal stop stoplight
🚦	semaforo luz vertical senales de trafico traffic light drove intersection signal stop stoplight
🛑	senal de stop octagono parada sign octagonal
🚧	obras construccion senal de construction barrier
🛙	faro baliza esperanza guia iluminacion luz mar maritimo navegacion senal lighthouse beacon enlightenment guidance hope light maritime navigation sea signal
⚓	ancla barco gancho anchor ship tool
🛟	salvavidas flotador rescate seguridad socorrista ring buoy float life lifesaver preserver rescue safety save saver swim
⛵	velero barco de vela yate sailboat boat resort sailing sea yacht
🛶	canoa barca barco piragua canoe boat
🚤	lancha motora barco vehiculo speedboat billionaire boat lake luxury millionaire summer travel
🛳️	barco de pasajeros vehiculo passenger ship
⛴️	ferri barco ferry boat passenger
🛥️	barco a motor vehiculo boat motorboat
🚢	barco vehiculo ship boat passenger travel
✈️	avion aeroplano airplane aeroplane fly flying jet plane travel
🛩️	avioneta avion small airplane aeroplane plane
🛫	avion despegando aeroplano salida airplane departure aeroplane check-in departures plane
🛬	avion aterrizando aeroplano llegada airplane arrival aeroplane arrivals arriving landing plane
🪂	paracaidas ala delta paracaidismo paravela volar parachute hang-glide parasail skydive
💺	asiento de transporte plaza silla seat chair
🚁	helicoptero aspas rotores vehiculo volar helicopter copter roflcopter travel vehicle
🚟	ferrocarril de suspension vehiculo railway
🚠	teleferico de montana cable funicular vehiculo mountain cableway gondola lift ski
🚡	teleferico aereo tranvia vehiculo aerial tramway cable car gondola ropeway
🛰️	satelite espacio vehiculo satellite space
🚀	cohete espacio vehiculo rocket launch rockets space travel
🛸	platillo volante ovni flying saucer aliens extra terrestrial ufo
🛎️	timbre de hotel botones campanilla bellhop bell
🧳	equipaje maleta viajar luggage bag packing roller suitcase travel
⌛	reloj de arena sin tiempo temporizador hourglass done sand time timer
⏳	reloj de arena con tiempo cayendo temporizador hourglass not done flowing hours sand timer waiting yolo
⌚	reloj watch clock time
⏰	reloj despertador alarma alarm clock hours hrs late time waiting
⏱️	cronometro reloj stopwatch clock time
⏲️	temporizador reloj timer clock
🕰️	reloj de sobremesa mantelpiece clock time
🕛	12 en punto 00 doce reloj twelve o’clock clock time
🕧	doce y media 12 30 reloj twelve-thirty clock thirty time twelve
🕐	1 en punto 00 reloj una one o’clock clock time
🕜	una y media 1 30 reloj one-thirty clock one thirty time
🕑	2 en punto 00 dos reloj two o’clock clock time
🕝	dos y media 2 30 reloj two-thirty clock thirty time two
🕒	3 en punto 00 reloj tres three o’clock clock time
🕞	tres y media 3 30 reloj three-thirty clock thirty three time
🕓	4 en punto 00 cuatro reloj four o’clock clock time
🕟	cuatro y media 4 30 reloj four-thirty clock four thirty time
🕔	5 en punto 00 cinco reloj five o’clock clock time
🕠	cinco y media 5 30 reloj five-thirty clock five thirty time
🕕	6 en punto 00 reloj seis six o’clock clock time
🕡	seis y media 6 30 reloj six-thirty clock six thirty
🕖	7 en punto 00 reloj siete seven o’clock 0 clock
🕢	siete y media 7 30 reloj seven-thirty clock seven thirty
🕗	8 en punto 00 ocho reloj eight o’clock clock time
🕣	ocho y media 8 30 reloj eight-thirty clock eight thirty time
🕘	9 en punto 00 nueve reloj nine o’clock clock time
🕤	nueve y media 9 30 reloj nine-thirty clock nine thirty time
🕙	10 en punto 00 diez reloj ten o’clock 0 clock
🕥	diez y media 10 30 reloj ten-thirty clock ten thirty time
🕚	11 en punto 00 once reloj eleven o’clock clock time
🕦	once y media 11 30 reloj eleven-thirty clock eleven thirty time
🌑	luna nueva oscuridad new moon dark space
🌒	luna creciente cuarto espacio waxing crescent moon dreams space
🌓	luna en cuarto creciente espacio first quarter moon space
🌔	luna gibosa creciente waxing gibbous moon space
🌕	luna llena plenilunio full moon space
🌖	luna gibosa menguante waning gibbous moon space
🌗	luna en cuarto menguante last quarter moon space
🌘	luna menguante waning crescent moon space
🌙	luna creciente espacio crescent moon ramadan space
🌚	luna nueva con cara espacio new moon face space
🌛	luna de cuarto creciente con cara espacio first quarter moon face space
🌜	luna de cuarto menguante con cara creciente espacio last quarter moon face dreams
🌡️	termometro temperatura thermometer weather
☀️	sol espacio rayos soleado sun bright rays space sunny weather
🌝	luna llena con cara full moon face bright
🌞	sol con cara brillante sun with face beach bright day heat shine sunny sunshine weather
🪐	planeta con anillos saturnino saturno ringed planet saturn saturnine
⭐	estrella estelar star astronomy medium stars white
🌟	estrella brillante resplandeciente glowing star glittery glow night shining sparkle win
🌠	estrella fugaz lluvia shooting star falling night space
🌌	via lactea espacio galaxia milky way space
☁️	nube tiempo cloud weather
⛅	sol detras de una nube con nubes sun behind cloud cloudy weather
⛈️	nube con rayo y lluvia trueno cloud with lightning and rain thunder thunderstorm
🌤️	sol detras de una nube pequena sun behind small cloud weather
🌥️	sol detras de una nube grande sun behind large cloud weather
🌦️	sol detras de una nube con lluvia sun behind rain cloud weather
🌧️	nube con lluvia cloud with rain weather
🌨️	nube con nieve frio cloud with snow cold weather
🌩️	nube con rayo cloud with lightning weather
🌪️	tornado nube torbellino cloud weather whirlwind
🌫️	niebla nube fog cloud weather
🌬️	cara de viento nube soplar wind face blow cloud
🌀	ciclon mareo tifon tornado cyclone dizzy hurricane twister typhoon weather
🌈	arcoiris colores lluvia rainbow gay genderqueer glbt glbtq lesbian lgbt lgbtq lgbtqia nature pride queer rain trans transgender weather
🌂	paraguas cerrado accesorios lluvia closed umbrella clothing rain
☂️	paraguas lluvia abierto umbrella clothing rain
☔	paraguas con gotas de lluvia umbrella with rain drops clothing drop weather
⛱️	sombrilla en la arena sol umbrella on ground rain sun
⚡	alto voltaje electricidad peligro de senal high voltage danger electric electricity lightning nature thunder thunderbolt zap
❄️	copo de nieve frio snowflake cold snow weather
☃️	muneco de nieve con snowman cold man snow
⛄	muneco de nieve sin snowman without snow cold man
☄️	cometa espacial espacio meteorito comet space
🪋	meteorito apocalipsis bola de fuego caida espacio estrella gravedad roca meteor apocalypse falling fireball gravity rock space star
🔥	fuego llama fire af burn flame hot lit litaf tool
💧	gota agua comic sudor droplet cold drop nature sad sweat tear water weather
🌊	ola de mar oceano water wave nature ocean surf surfer surfing
#group ⚽
🎃	calabaza de halloween celebracion linterna jack-o-lantern celebration jack lantern pumpkin
🎄	arbol de navidad abeto celebracion christmas tree celebration
🎆	fuegos artificiales celebracion fireworks boom celebration entertainment yolo
🎇	bengala celebracion fuegos artificiales sparkler boom celebration fireworks sparkle
🧨	petardo dinamita explosivo fuegos artificiales firecracker dynamite explosive fire fireworks light pop popping spark
✨	chispas * bengala estrellas sparkles magic sparkle star
🎈	globo celebracion balloon birthday celebrate celebration
🎉	canon de confeti celebracion fiesta party popper awesome birthday celebrate celebration excited hooray tada woohoo
🎊	bola de confeti celebracion confetti ball celebrate celebration party woohoo
🎋	arbol de tanabata celebracion festividad tree banner celebration japanese
🎍	decoracion de pino ano nuevo japones bambu celebracion kadomatsu pine decoration bamboo celebration japanese plant
🎎	munecas japonesas celebracion festival hinamatsuri japanese dolls celebration doll
🎏	banderin de carpas carpa celebracion koinobori carp streamer celebration
🎐	campanilla de viento furin wind chime bell celebration
🎑	ceremonia de contemplacion la luna celebracion tsukimi moon viewing ceremony celebration
🧧	sobre rojo buena suerte hongbao lai see regalo red envelope gift good luck money
🎀	lazo celebracion ribbon celebration
🎁	regalo celebracion envoltorio presente envuelto wrapped gift birthday bow box celebration christmas present surprise
🎗️	lazo conmemorativo reminder ribbon celebration
🎟️	entradas acceso admision entrada evento admission tickets ticket
🎫	tique acceso admision ticket admission stub
🎖️	medalla militar celebracion military medal award celebration
🏆	trofeo premio trophy champion champs prize slay sport victory win winning
🏅	medalla deportiva premio sports medal award gold winner
🥇	medalla de oro primero 1st place medal first gold
🥈	medalla de plata segundo 2nd place medal second silver
🥉	medalla de bronce tercero 3rd place medal bronze third
⚽	balon de futbol soccer ball football sport
⚾	beisbol balon baseball pelota ball sport
🥎	pelota de softball bola ball glove sports underarm
🏀	balon de baloncesto canasta deporte basketball ball hoop sport
🏐	pelota de voleibol balon juego volleyball ball game
🏈	balon de futbol americano deporte american football ball bowl sport super
🏉	balon de rugby deporte football ball sport
🎾	pelota de tenis deporte tennis ball racquet sport
🥏	disco volador frisbee flying disc ultimate
🎳	bolos bola de juego bowling ball game sport strike
🏏	criquet juego pelota cricket game ball bat
🏑	hockey sobre hierba juego palo pelota field ball game stick
🏒	hockey sobre hielo disco palo ice game puck stick
🥍	lacrosse bola palo pelota raqueta ball goal sports stick
🏓	tenis de mesa juego pelota ping pong ball bat game paddle pingpong table tennis
🏸	badminton pluma raqueta volante birdie game racquet shuttlecock
🥊	guante de boxeo deporte boxing glove
🥋	uniforme de artes marciales judo karate taekwondo martial arts uniform
🥅	porteria deporte red goal net
⛳	banderin en hoyo golf flag in hole sport
⛸️	patin de hielo ice skate skating
🎣	cana de pescar entretenimiento esparcimiento pesca pez fishing pole entertainment fish sport
🤿	mascara de buceo bucear buzo esnorquel tubo diving mask scuba snorkeling
🎽	camiseta sin mangas banda con de correr deporte running shirt athletics sash
🎿	esquis esqui esquies nieve skis ski snow sport
🛷	trineo sled luge sledge sleigh snow toboggan
🥌	piedra de curling juego roca stone game rock
🎯	diana blanco en el juego bullseye bull dart direct entertainment game hit target
🪀	yoyo dieta efecto fluctuar juguete yo-yo fluctuate toy
🪁	cometa juguete planear viento volar kite fly soar
🔫	pistola de agua juguete verano water pistol gun handgun revolver tool weapon
🎱	bola negra de billar 8 ocho juego pool ball 8ball billiard eight game
🔮	bola de cristal adivinacion buena fortuna crystal ball fairy fairytale fantasy fortune future magic tale tool
🪄	varita magica bruja hechicero magia mago prestidigitacion magic wand magician witch wizard
🎮	mando de videoconsola juego videojuego video game controller entertainment
🕹️	joystick juego mando palanca videojuego game video videogame
🎰	maquina tragaperras juego slot machine casino gamble gambling game slots
🎲	dado juego game die dice entertainment
🧩	pieza de puzle conectar pista rompecabezas puzzle piece clue interlocking jigsaw
🧸	osito de peluche juguete oso teddy bear plaything plush stuffed toy
🪅	pinata caballito celebracion fiesta candy celebrate celebration cinco de festive mayo party pinada
🪩	bola de espejos bailar brillar disco discoteca fiesta mirror ball dance glitter party
🪆	muneca rusa babushka mamushka matrioska rusia nesting dolls babooshka baboushka doll matryoshka russia
♠️	palo de picas carta juego spade suit card game
♥️	palo de corazones carta juego heart suit card emotion game hearts
♦️	palo de diamantes carta juego diamond suit card game
♣️	palo de treboles carta juego club suit card clubs game
♟️	peon de ajedrez chess pawn dupe expendable
🃏	comodin joker card game wildcard
🀄	dragon rojo de mahjong juego red game
🎴	cartas de flores carta flor hanafuda naipe japones flower playing cards card game japanese
🎭	mascaras de teatro actuacion arte artes escenicas entretenimiento performing arts actor actress art entertainment mask theater theatre thespian
🖼️	cuadro enmarcado marco museo framed picture art frame museum painting
🎨	paleta de pintor arte artista pintura artist palette art artsy arty colorful creative entertainment museum painter painting
🧵	hilo aguja carrete coser costura thread needle sewing spool string
🪡	aguja de coser bordado hilar punto tejer sewing needle embroidery sew stitches sutures tailoring thread
🧶	ovillo bola croche punto tejer yarn ball crochet knit
🪢	nudo anudar atar enredar trenzar knot cord rope tangled tie twine twist
#group 💡
👓	gafas accesorios ojo ropa glasses clothing eye eyeglasses eyewear
🕶️	gafas de sol ojo oscuras sunglasses dark eye eyewear glasses
🥽	gafas de proteccion nadar ocular soldar goggles dive eye protection scuba swimming welding
🥼	bata de laboratorio cientifico doctor experimento medico lab coat clothes dr experiment jacket scientist white
🦺	chaleco de seguridad emergencia safety vest emergency
👔	corbata accesorio ropa necktie clothing employed serious shirt tie
👕	camiseta ropa t-shirt blue casual clothes clothing collar dressed shirt shopping tshirt weekend
👖	vaqueros pantalones ropa jeans blue casual clothes clothing denim dressed pants shopping trousers weekend
🧣	bufanda abrigo cuello scarf bundle cold neck up
🧤	guantes mano gloves hand
🧥	abrigo chaqueton coat brr bundle cold jacket up
🧦	calcetines pies ropa socks stocking
👗	vestido mujer ropa dress clothes clothing dressed fancy shopping
👘	kimono japones ropa clothing comfortable
🥻	sari prenda ropa vestido clothing dress
🩱	traje de bano una pieza banador one-piece swimsuit bathing suit
🩲	ropa interior banador bragas braguitas calzoncillos slip briefs bathing one-piece suit swimsuit underwear
🩳	pantalones cortos banador bermudas calzoncillos ropa interior shorts bathing pants suit swimsuit underwear
👙	bikini bano playa ropa bathing beach clothing pool suit swim
👚	ropa de mujer blusa camisa femenina woman’s clothes blouse clothing collar dress dressed lady shirt shopping woman
🪭	abanico abierto airear bailar calor feria flamenco folding hand fan clack clap cool cooling dance flirt flutter hot shy
👛	monedero accesorios cartera complementos purse clothes clothing coin dress fancy handbag shopping
👜	bolso accesorios complementos handbag bag clothes clothing dress lady purse shopping
👝	bolso de mano accesorios cartera complementos clutch bag clothes clothing dress handbag pouch purse
🛍️	bolsas de compras bolsa compra shopping bags bag hotel
🎒	mochila escolar colegio backpack backpacking bag bookbag education rucksack satchel school
🩴	chancla de dedo chancleta chinela sandalia thong sandal beach flip flop sandals shoe thongs zori
👞	zapato de hombre calzado ropa man’s shoe brown clothes clothing feet foot kick man shoes shopping
👟	zapatilla deportiva calzado correr ropa tenis running shoe athletic clothes clothing fast kick shoes shopping sneaker tennis
🥾	bota de senderismo camping mochilero hiking boot backpacking brown outdoors shoe
🥿	bailarina calzado zapato flat shoe ballet comfy flats slip-on slipper
👠	zapato de tacon mujer high-heeled shoe clothes clothing dress fashion heel heels shoes shopping stiletto woman
👡	sandalia de mujer calzado ropa woman’s sandal clothing shoe woman
🩰	zapatillas de ballet bailar bale danza shoes dance
👢	bota de mujer calzado ropa woman’s boot clothes clothing dress shoe shoes shopping woman
🪮	peineta afro peine pelo hair pick comb groom
👑	corona accesorios complementos reina rey crown clothing family king medieval queen royal royalty win
👒	sombrero de mujer accesorio ropa woman’s hat clothes clothing garden hats party woman
🎩	sombrero de copa chistera ropa top hat clothes clothing fancy formal magic tophat
🎓	birrete celebracion gorro graduacion graduation cap celebration clothing education hat scholar
🧢	gorra con visera beisbol billed cap baseball bent dad hat
🪖	casco militar ejercito guerra guerrero soldado military helmet army soldier war warrior
⛑️	casco con una cruz blanca ayuda cara rescue worker’s helmet aid cross face hat
📿	rosario collar cuentas religion prayer beads clothing necklace
💄	pintalabios barra cosmetica labios maquillaje lipstick cosmetics date makeup
💍	anillo diamante ring diamond engaged engagement married romance shiny sparkling wedding
💎	piedra preciosa diamante gema joya gem stone diamond engagement jewel money romance wedding
🔇	altavoz silenciado con marca de cancelacion mute silencio muted speaker quiet silent sound
🔈	altavoz a volumen bajo speaker low volume soft sound
🔉	altavoz a volumen medio con speaker medium volume sound
🔊	altavoz a volumen alto speaker high volume loud music sound
📢	altavoz de mano comunicacion loudspeaker address communication loud public sound
📣	megafono comunicacion megaphone cheering sound
📯	corneta de posta postal horn post
🔔	campana bell break church sound
🔕	campana con signo de cancelacion ruido bell with slash forbidden mute no not prohibited quiet silent sound
🎼	pentagrama musica partitura musical score music note
🎵	nota musical musica note music sound
🎶	notas musicales musica musical notes music note sound
🎙️	microfono de estudio musica studio microphone mic music
🎚️	control de volumen fader level slider music
🎛️	ruedas de control diales musica potenciometros knobs music
🎤	microfono entretenimiento karaoke micro microphone mic music sing sound
🎧	auricular cascos headphone earbud sound
📻	radio entertainment tbt video
🎷	saxofon instrumento musical musica saxo saxophone instrument music sax
🎺	trompeta instrumento musical musica trumpet instrument music
🪊	trombon instrumento jazz metal musica triste viento trombone brass instrument music sad slide
🪗	acordeon concertina accordion box instrument music squeeze squeezebox
🎸	guitarra instrumento musical musica guitar instrument music strat
🎹	teclado musical instrumento musica piano keyboard instrument music
🎻	violin instrumento musical musica instrument music
🪕	banjo banyo cuerda instrumento musica music stringed
🥁	tambor baquetas musica drum drumsticks music
🪘	tamboril conga ritmo tambor long drum beat instrument rhythm
🪇	maracas agitar brasil instrumento movimiento musica percusion cha dance instrument music party percussion rattle shake shaker
🪈	flauta flautin instrumento de viento madera musica flute band fife flautist instrument marching music orchestra piccolo pipe recorder woodwind
🪉	arpa amor cupido harpa instrumento musica orquesta harp cupid instrument love music orchestra
📱	telefono movil celular mobile phone cell communication telephone
📲	movil con una flecha llamada recibir telefono mobile phone with arrow build call cell communication receive telephone
☎️	telefono telephone phone
📞	auricular de telefono comunicacion telephone receiver communication phone voip
📟	busca comunicacion localizador pager communication
📠	maquina de fax comunicacion machine communication
🔋	pila bateria battery
🪫	bateria baja carga electronico energia pila low battery drained electronic energy power
🔌	enchufe electrico corriente electricidad electric plug electricity
💻	ordenador portatil pc personal laptop computer office
🖥️	ordenador de sobremesa desktop computer monitor
🖨️	impresora ordenador printer computer
⌨️	teclado ordenador keyboard computer
🖱️	raton de ordenador computer mouse
🖲️	bola de desplazamiento ordenador trackball computer
💽	minidisc disco md computer disk minidisk optical
💾	disquete disco de 3 1/2 floppy disk computer
💿	disco optico cd optical disk blu-ray computer dvd
📀	disco dvd blu-ray cd computer disk optical
🧮	abaco calculo contar matematicas abacus calculation calculator
🎥	camara de cine entretenimiento pelicula movie camera bollywood cinema film hollywood record
🎞️	fotograma de pelicula cine film frames cinema movie
📽️	proyector de cine pelicula film projector cinema movie video
🎬	claqueta cine de entretenimiento pelicula clapper board action movie
📺	television tv video
📷	camara de fotos camera photo selfie snap tbt trip video
📸	camara con flash camera with video
📹	videocamara camara video camera camcorder tbt
📼	cinta de video videocassette old school tape vcr vhs
🔍	lupa orientada hacia la izquierda buscar magnifying glass tilted left lab left-pointing science search tool
🔎	lupa orientada hacia la derecha buscar magnifying glass tilted right contact lab right-pointing science search tool
🕯️	vela luz candle light
💡	bombilla comic electricidad idea luz light bulb electric
🔦	linterna luz flashlight electric light tool torch
🏮	lampara japonesa izakaya roja linterna restaurante red paper lantern bar light restaurant
🪔	lampara de aceite diya lamp light oil
📔	cuaderno con tapa decorativa decoracion notebook with decorative cover book decorated education school writing
📕	libro cerrado closed book education
📖	libro abierto open book education fantasy knowledge library novels reading
📗	libro verde green book education fantasy library reading
📘	libro azul blue book education fantasy library reading
📙	libro naranja orange book education fantasy library reading
📚	libros libro books book education fantasy knowledge library novels reading school study
📓	cuaderno libreta notebook
📒	libro de contabilidad cuaderno ledger notebook
📃	pagina doblada documento page with curl document paper
📜	pergamino de papel scroll paper
📄	pagina hacia arriba anverso documento page facing up document paper
📰	periodico diario newspaper communication news paper
🗞️	periodico enrollado noticias papel rolled-up newspaper news paper rolled
📑	marcadores pestanas bookmark tabs mark marker
🔖	marcapaginas marcador bookmark mark
🏷️	etiqueta label tag
🪙	moneda dinero metal oro plata tesoro coin dollar euro gold money rich silver treasure
💰	bolsa de dinero dolares money bag bank bet billion cash cost dollar gold million moneybag paid paying pot rich win
🪎	cofre de tesoro botin dinero joyas objetos valor oro piedras preciosas plata premio riqueza treasure chest gem gold jewels loot money prize silver valuables wealth
💴	billete de yen banco dinero banknote bank bill currency money note
💵	billete de dolar banco dinero dollar banknote bank bill currency money note
💶	billete de euro banco dinero banknote 100 bank bill currency money note rich
💷	billete de libra banco dinero pound banknote bank bill billion cash currency money note pounds
💸	billete con alas de banco dinero money with wings bank banknote bill billion cash dollar fly million note pay
💳	tarjeta de credito credit card bank cash charge money pay
🧾	recibo contabilidad prueba teneduria de libros testimonio receipt accounting bookkeeping evidence invoice proof
💹	mercado al alza alcista tabla chart increasing with yen bank currency graph growth market money rise trend upward
✉️	sobre carta correo envelope e-mail email letter
📧	correo electronico comunicacion sobre e-mail email letter mail
📨	sobre entrante carta comunicacion correo electronico incoming envelope delivering e-mail email letter mail receive sent
📩	sobre con flecha carta comunicacion correo electronico envelope with arrow communication down e-mail email letter mail outgoing send sent
📤	bandeja de salida comunicacion correo enviado outbox tray box email letter mail sent
📥	bandeja de entrada comunicacion correo recibido inbox tray box email letter mail receive zero
📦	paquete caja package box communication delivery parcel shipping
📫	buzon cerrado con la bandera levantada contenido closed mailbox with raised flag communication mail postbox
📪	buzon cerrado con la bandera bajada vacio closed mailbox with lowered flag mail postbox
📬	buzon abierto con la bandera levantada contenido open mailbox with raised flag mail postbox
📭	buzon abierto con la bandera bajada vacio open mailbox with lowered flag mail postbox
📮	buzon cartas correo postbox mail mailbox
🗳️	urna con papeleta voto ballot box with
✏️	lapiz escolar escribir lapicero pencil
✒️	pluma negra boligrafo escribir tinta black nib pen
🖋️	estilografica boligrafo escribir pluma tinta fountain pen
🖊️	boligrafo boli escribir pen ballpoint
🖌️	pincel pintar paintbrush painting
🖍️	lapiz de cera crayon
📝	cuaderno de notas comunicacion memo communication media notes pencil
🪌	goma de borrar correccion deshacer dibujar eliminar equivocacion error escribir quitar eraser correction delete drawing erase mistake remove rub undo writing
💼	maletin cartera documentos briefcase office
📁	carpeta de archivos archivo file folder
📂	carpeta de archivos abierta archivo open file folder
🗂️	separador de fichas fichero card index dividers
📅	calendario fecha calendar date
📆	calendario recortable fecha tear-off calendar
🗒️	bloc de notas espiral cuaderno spiral notepad note pad
🗓️	calendario de espiral spiral calendar pad
📇	organizador de fichas cartera ficha tarjetas card index old rolodex school
📈	grafica de evolucion ascendente grafico tendencia chart increasing data graph growth right trend up upward
📉	grafica de evolucion descendente grafico tendencia chart decreasing data down downward graph negative trend
📊	grafico de barras bar chart data graph
📋	portapapeles papeles pinza tabla clipboard do list notes
📌	chincheta tachuela pushpin collage pin
📍	chincheta redonda round pushpin location map pin
📎	clip paperclip
🖇️	clips unidos union linked paperclips link paperclip
📏	regla straight ruler angle edge math straightedge
📐	escuadra regla triangular triangulo ruler angle math rule set slide triangle
✂️	tijeras cortar herramienta scissors cut cutting paper tool
🗃️	archivador de tarjetas archivo caja card file box
🗄️	archivador archivos oficina organizador file cabinet filing paper
🗑️	papelera basura cubo wastebasket can garbage trash waste
🔒	candado cerrado cerrar locked closed lock private
🔓	candado abierto abrir unlocked cracked lock open unlock
🔏	candado con pluma estilografica cerrado privacidad locked with pen ink lock nib privacy
🔐	candado cerrado y llave seguro locked with key bike closed lock secure
🔑	llave contrasena key keys lock major password unlock
🗝️	llave antigua old key clue lock
🪍	red con mango atrapar capturar cazamariposas cazar malla pescar net with handle catch collect mesh trap
🔨	martillo herramienta hammer home improvement repairs tool
🪓	hacha cortar dividir hachuela madera talar axe ax chop hatchet split wood
⛏️	pico herramienta mina pick hammer mining tool
⚒️	martillo y pico herramienta hammer and pick tool
🛠️	martillo y llave inglesa herramienta hammer and wrench spanner tool
🗡️	punal arma cuchillo daga dagger knife weapon
⚔️	espadas cruzadas arma crossed swords weapon
💣	bomba comic emocion bomb boom dangerous explosion hot
🪃	bumeran boomerang rebotar rebound repercussion weapon
🏹	arco y flecha arquero sagitario zodiaco bow and arrow archer archery sagittarius tool weapon zodiac
🛡️	escudo defensa shield weapon
🪚	sierra de carpinteria carpintero herramienta talar carpentry saw carpenter cut lumber tool trim
🔧	llave inglesa herramienta wrench home improvement spanner tool
🪛	destornillador atornillador herramienta tornillo screwdriver flathead handy screw tool
🔩	tornillo y tuerca herramienta nut and bolt home improvement tool
⚙️	engranaje herramienta gear cog cogwheel tool
🗜️	tornillo de banco herramienta clamp compress tool vice
⚖️	balanza justicia libra peso zodiaco balance scale justice scales tool weight zodiac
🦯	baston accesibilidad ceguera ciega ciego invidente white cane accessibility blind probing
🔗	eslabon link links
⛓️‍💥	cadena rota esposas libertad romper rotura broken chain break breaking cuffs freedom
⛓️	cadenas cadena chains chain
🪝	gancho agarrar anzuelo atrapar garfio hook catch crook curve ensnare point selling
🧰	caja de herramientas armario herramienta mecanico toolbox box chest mechanic red tool
🧲	iman atraccion herradura magnetico magnet attraction horseshoe magnetic negative positive shape u
🪜	escalera escalar escalerilla escalon peldano ladder climb rung step
🪏	pala agujero cavar enterrar excavar hoyo huerto nieve planta shovel bury dig garden hole plant scoop snow spade
⚗️	alambique herramienta quimica alembic chemistry tool
🧪	tubo de ensayo ciencia experimento laboratorio quimica quimico test tube chemist chemistry experiment lab science
🧫	placa de petri bacterias biologia biologo cultivo laboratorio dish bacteria biologist biology culture lab
🧬	adn biologo evolucion gen genetica vida dna biologist evolution gene genetics life
🔬	microscopio instrumento laboratorio microscope experiment lab science tool
🔭	telescopio astronomia instrumento telescope contact extraterrestrial science tool
📡	antena de satelite comunicacion satellite antenna aliens contact dish science
💉	jeringuilla aguja jeringa medicina medico syringe doctor flu medicine needle shot sick tool vaccination
🩸	gota de sangre donacion donar herida medicina drop of blood bleed donation injury medicine menstruation
💊	pildora comprimido medicina medico pastilla pill doctor drugs medicated medicine pills sick vitamin
🩹	tirita aposito adhesive bandage
🩼	muleta ayuda para la movilidad baston discapacidad lesion palo crutch aid cane disability help hurt injured mobility stick
🩺	estetoscopio corazon doctor fonendoscopio latido medicina medico stethoscope heart medicine
🩻	radiografia doctor doctora esqueleto huesos medico rayos x-ray bones medical skeleton skull xray
🚪	puerta door back closet front
🛗	ascensor accesibilidad elevador montacargas elevator accessibility hoist lift
🪞	espejo especulo reflector reflejo mirror makeup reflection speculum
🪟	ventana abertura apertura cristal marco transparente vista window air frame fresh opening transparent view
🛏️	cama dormir hotel bed sleep
🛋️	sofa y lampara hotel couch and lamp
🪑	silla asiento sentarse chair seat sit
🚽	inodoro bano vater wc toilet bathroom
🪠	desatascador fontanero retrete servicio succion plunger cup force plumber poop suction toilet
🚿	ducha agua bano shower water
🛁	banera bano bathtub bath
🪤	trampa de ratones cebo cepo enganar raton ratonera mouse trap bait cheese lure mousetrap snare
🪒	cuchilla de afeitar afeitado afilado barbero navaja razor sharp shave
🧴	bote de crema champu hidratante protector solar lotion bottle moisturizer shampoo sunscreen
🧷	imperdible panal punk rock safety pin diaper
🧹	escoba barrer bruja fregar broom cleaning sweeping witch
🧺	cesta colada cosecha picnic basket farming laundry
🧻	rollo de papel absorbente higienico roll of paper toilet towels
🪣	cubo balde barreno cuba cubeta bucket cask pail vat
🧼	jabon banarse enjabonarse jabonera lavarse pastilla soap bar bathing clean cleaning lather soapdish
🫧	burbujas bajo el agua eructar jabon limpiar bubbles bubble burp clean floating pearl soap underwater
🪥	cepillo de dientes dental higiene limpio servicio toothbrush bathroom brush clean hygiene teeth toiletry
🧽	esponja absorbente limpiar poroso sponge absorbing cleaning porous soak
🧯	extintor apagar extinguir incendio fire extinguisher extinguish quench
🛒	carrito de la compra carro supermercado shopping cart trolley
🚬	cigarrillo cigarro fumar cigarette smoking
⚰️	ataud muerte coffin dead death vampire
🪦	lapida cementario estela sepulcro tumba headstone cemetery dead grave graveyard memorial rip tomb tombstone
⚱️	urna funeraria muerte funeral urn ashes death
🧿	ojo turco amuleto mal de nazar talisman amulet bead blue charm evil-eye
🪬	hamsa amuleto fatima jamsa mano maria miriam amulet fortune guide hand mary palm protect protection
🗿	estatua moai pascua face moyai statue stoneface travel
🪧	letrero anuncio aviso cartel pancarta poste placard card demonstration notice picket plaque protest sign
🪪	carne de identidad conducir credenciales identificacion permiso seguridad identification card credentials document id license security
#group 🔣
🏧	senal de cajero automatico atm banco sign automated bank cash money teller
🚮	senal de usar papelera basura tirar la en litter in bin sign litterbin
🚰	agua potable water drinking
♿	simbolo de silla ruedas acceso senal wheelchair symbol access handicap
🚹	aseo para hombres de caballeros bano senal con un hombre servicio men’s room bathroom lavatory man restroom toilet wc
🚺	senal de aseo para mujeres senoras bano con una mujer servicio women’s room bathroom lavatory restroom toilet wc woman
🚻	senal de aseos servicios wc restroom bathroom lavatory toilet
🚼	senal de bebe cambiar lactancia baby symbol changing
🚾	aseos lavabo servicios wc water closet bathroom lavatory restroom toilet
🛂	control de pasaportes passport
🛃	aduana customs packing
🛄	recogida de equipajes equipaje maleta baggage claim arrived bags case checked journey packing plane ready travel trip
🛅	consigna deposito equipaje servicio de en left luggage baggage case locker
⚠️	advertencia cuidado senal warning caution
🚸	ninos cruzando senal children crossing child pedestrian traffic
⛔	direccion prohibida no prohibido senal de entry do fail forbidden not pass prohibited traffic
🚫	prohibido entrar no pasar prohibicion prohibited entry forbidden not smoke
🚳	bicicletas prohibidas bicicleta prohibido vehiculo no bicycles bicycle bike forbidden not prohibited
🚭	prohibido fumar no senal smoking forbidden not prohibited smoke
🚯	prohibido tirar basura senal de no littering forbidden litter not prohibited
🚱	agua no potable non-potable water dry non-drinking prohibited
🚷	prohibido el paso de peatones peaton senal no pedestrians forbidden not pedestrian prohibited
📵	prohibido el uso de moviles movil no hacer llamadas telefono mobile phones cell forbidden not phone prohibited telephone
🔞	prohibido para menos de 18 anos no apto menores one under eighteen age forbidden not prohibited restriction underage
☢️	radiactivo radiactividad radioactividad radioactivo senal radioactive sign
☣️	riesgo biologico peligro senal biohazard sign
⬆️	flecha hacia arriba direccion norte up arrow cardinal direction north
↗️	flecha hacia la esquina superior derecha arriba direccion noreste up-right arrow direction intercardinal northeast
➡️	flecha hacia la derecha direccion este right arrow cardinal direction east
↘️	flecha hacia la esquina inferior derecha abajo direccion sudeste down-right arrow direction intercardinal southeast
⬇️	flecha hacia abajo direccion sur down arrow cardinal direction south
↙️	flecha hacia la esquina inferior izquierda abajo direccion suroeste down-left arrow direction intercardinal southwest
⬅️	flecha hacia la izquierda oeste left arrow cardinal direction west
↖️	flecha hacia la esquina superior izquierda arriba direccion noroeste up-left arrow direction intercardinal northwest
↕️	flecha arriba y abajo direccion up-down arrow
↔️	flecha izquierda y derecha direccion left-right arrow
↩️	flecha derecha curvandose a la izquierda curva direccion right arrow curving left
↪️	flecha izquierda curvandose a la derecha curva direccion left arrow curving right
⤴️	flecha derecha curvandose hacia arriba curva direccion right arrow curving up
⤵️	flecha derecha curvandose hacia abajo curva direccion right arrow curving down
🔃	flechas verticales en sentido horario senal de recarga clockwise vertical arrows arrow refresh reload
🔄	flechas en sentido antihorario direccion senal de recarga counterclockwise arrows button again anticlockwise arrow deja refresh rewindershins vu
🔙	flecha back atras con izquierda a la arrow
🔚	flecha end final con izquierda a la arrow
🔛	flecha on! de doble punta con la palabra "on" encima on senal arrow mark
🔜	flecha soon con a la derecha arrow brb omw
🔝	flecha top arriba hacia con arrow homie up
🛐	lugar de culto religion place of worship pray
⚛️	simbolo de atomo atom symbol atheist
🕉️	om hindu religion
✡️	estrella de david judaismo judio religion star of jew jewish judaism
☸️	rueda del dharma budismo religion wheel of buddhist
☯️	yin yang religion taoismo difficult lives tao taoist total yinyang
✝️	cruz latina cristianismo religion latin cross christ christian
☦️	cruz ortodoxa religion orthodox cross christian
☪️	media luna y estrella islam religion star and crescent muslim ramadan
☮️	simbolo de la paz peace symbol healing peaceful
🕎	menora candelabro religion menorah candelabrum candlestick hanukkah jewish judaism
🔯	estrella de seis puntas adivinacion buena fortuna dotted six-pointed star fortune jewish judaism
🪯	khanda religion sij sijismo sikh deg fateh khalsa sikhism tegh
♈	aries carnero horoscopo zodiaco horoscope ram zodiac
♉	tauro buey horoscopo toro zodiaco taurus bull horoscope ox zodiac
♊	geminis gemelos horoscopo zodiaco gemini horoscope twins zodiac
♋	cancer cangrejo horoscopo zodiaco crab horoscope zodiac
♌	leo horoscopo leon zodiaco horoscope lion zodiac
♍	virgo horoscopo zodiaco horoscope zodiac
♎	libra balanza escala horoscopo justicia zodiaco balance horoscope justice scales zodiac
♏	escorpio escorpion horoscopo zodiaco scorpio horoscope scorpion scorpius zodiac
♐	sagitario arquero horoscopo zodiaco sagittarius archer horoscope zodiac
♑	capricornio cabra horoscopo zodiaco capricorn goat horoscope zodiac
♒	acuario agua horoscopo zodiaco aquarius bearer horoscope water zodiac
♓	piscis horoscopo pescado pez zodiaco pisces fish horoscope zodiac
⛎	ofiuco horoscopo portador serpiente zodiaco ophiuchus bearer serpent snake zodiac
🔀	reproduccion aleatoria cruzado flechas entrecruzadas shuffle tracks button arrow crossed
🔁	repetir flechas repeticion repeat button arrow clockwise
🔂	repetir una vez flechas repeticion uno repeat single button arrow clockwise once
▶️	reproducir boton de reproduccion flecha triangulo play button arrow right triangle
⏩	avance rapido avanzar doble flecha fast-forward button arrow double fast forward
⏭️	pista siguiente raya vertical triangulos next track button arrow scene triangle
⏯️	reproducir o pausa triangulo play or pause button arrow right triangle
◀️	retroceso izquierda triangulo reverse button arrow left triangle
⏪	retroceso rapido flecha doble a la izquierda rebobinado rebobinar fast reverse button arrow double rewind
⏮️	pista anterior atras escena triangulo last track button arrow previous scene triangle
🔼	triangulo hacia arriba boton upwards button arrow red up
⏫	triangulo doble hacia arriba flecha fast up button arrow double
🔽	triangulo hacia abajo boton downwards button arrow down red
⏬	triangulo doble hacia abajo fast down button arrow double
⏸️	pausa barras boton vertical pause button bar double
⏹️	detener boton cuadrado parar stop button square
⏺️	grabar boton circulo record button circle
⏏️	expulsar boton eject button
🎦	cine entretenimiento pelicula cinema camera film movie
🔅	brillo bajo senal de tenue dim button brightness low
🔆	brillo alto brillante senal de bright button brightness light
📶	barras de cobertura antena celular movil senal telefono antenna bars bar cell communication mobile phone signal telephone
🛜	wifi conexion inalambrica internet red wi-fi wireless broadband computer connectivity hotspot network router smartphone wlan
📳	modo vibracion movil telefono celular vibration mode cell communication mobile phone telephone
📴	telefono movil apagado celular mobile phone off cell telephone
♀️	signo femenino mujer simbolo female sign woman
♂️	signo masculino hombre simbolo male sign man
⚧️	simbolo de transgenero transgender symbol
✖️	multiplicacion × cancelar marca prohibido signo de x multiply cancel multiplication sign
➕	mas + signo suma plus
➖	menos - − resta signo minus heavy math sign
➗	division ÷ signo de divide heavy math sign
🟰	signo igual grueso equivalencia igualdad matematicas mates heavy equals sign answer equal equality math
♾️	infinito ilimitado siempre universal infinity forever unbounded
‼️	exclamacion doble !! puntuacion sorpresa double exclamation mark ! bangbang punctuation
⁉️	exclamacion e interrogacion ! !? ? exclamation question mark interrobang punctuation
❓	interrogacion roja ? pregunta puntuacion signo de red question mark punctuation
❔	interrogacion blanca ? pregunta puntuacion white question mark outlined punctuation
❕	exclamacion blanca ! puntuacion white exclamation mark bang outlined punctuation
❗	exclamacion roja ! puntuacion signo de red exclamation mark bang punctuation
〰️	guion ondulado marca de sonido largo wavy dash punctuation
💱	cambio de divisas dinero divisa moneda currency exchange bank money
💲	simbolo de dolar dinero heavy dollar sign billion cash charge currency million money pay
⚕️	simbolo de medicina asclepio esculapio serpiente medical symbol aesculapius medicine staff
♻️	simbolo de reciclaje reciclar senal universal solido recycling symbol recycle
⚜️	flor de lis fleur-de-lis knights
🔱	emblema de tridente ancla trident emblem anchor poseidon ship tool
📛	etiqueta identificativa nombre name badge
🔰	simbolo japones para principiante amarillo verde japanese symbol for beginner chevron green leaf tool yellow
⭕	circulo rojo hueco aro o hollow red circle heavy large
✅	boton de marca verificacion ✓ seleccion check mark button checked checkmark complete completed done fixed tick
☑️	casilla con marca de verificacion ✓ seleccion check box with ballot checked done off tick
✔️	marca de verificacion ✓ seleccion check mark checked checkmark done heavy tick
❌	marca de cruz × cancelar tachado tachar x cross mark cancel multiplication multiply
❎	boton con marca de cruz × casilla x cross mark button multiplication multiply square
➰	bucle giro tirabuzon curly loop curl
➿	bucle doble double curly loop curl
〽️	marca de alternancia part alternation mark
✳️	asterisco de ocho puntas * eight-spoked asterisk
✴️	estrella de ocho puntas * eight-pointed star
❇️	chispa * sparkle
©️	copyright c simbolo
®️	marca registrada r simbolo de registered
™️	simbolo de marca comercial trade mark tm trademark
🫟	salpicadura gotear liquido mancha manchar pintura salpicar tinta splatter drip holi ink liquid mess paint spill stain
#️⃣	teclas # keycap
*️⃣	teclas * keycap
0️⃣	tecla 0 cero keycap zero
1️⃣	tecla 1 uno keycap one
2️⃣	tecla 2 dos keycap two
3️⃣	tecla 3 tres keycap three
4️⃣	tecla 4 cuatro keycap four
5️⃣	tecla 5 cinco keycap five
6️⃣	tecla 6 seis keycap six
7️⃣	tecla 7 siete keycap seven
8️⃣	tecla 8 ocho keycap eight
9️⃣	tecla 9 nueve keycap nine
🔟	teclas 10 keycap
🔠	letras latinas mayusculas abcd input latin uppercase letters
🔡	letras latinas minusculas abcd input latin lowercase letters
🔢	numeros 1234 digitos input numbers
🔣	simbolos 〒♪&% input symbols & % ♪ 〒
🔤	alfabeto latino abc input latin letters alphabet
🅰️	grupo sanguineo a tipo button (blood type) blood type
🆎	grupo sanguineo ab tipo button (blood type) blood type
🅱️	grupo sanguineo b tipo button (blood type) blood type
🆑	borrar simbolo cl button
🆒	boton cool mola button
🆓	boton free gratis simbolo button
ℹ️	informacion i information
🆔	simbolo de identificacion id identidad button identity
Ⓜ️	m en circulo circled circle
🆕	boton new nuevo button
🆖	boton ng nuevo button
🅾️	grupo sanguineo tipo o button (blood type) blood type
🆗	boton ok button okay
🅿️	aparcamiento p parking button
🆘	simbolo de socorro ayuda sos button help
🆙	boton up! arriba informacion novedad simbolo up button mark
🆚	boton vs contra frente a simbolo versus button
🈁	ideograma japones para "aqui" “aqui” katakana japanese “here” button here
🈂️	ideograma japones para "de cortesia" cortesia katakana japanese “service charge” button charge service
🈷️	ideograma japones para "cantidad mensual" “cantidad mensual” kanji japanese “monthly amount” button amount ideograph monthly
🈶	ideograma japones para "de pago" “de pago” kanji japanese “not free of charge” button charge ideograph not
🈯	ideograma japones para "reservado" kanji reservado japanese “reserved” button ideograph reserved
🉐	ideograma japones para "ganga" ganga kanji japanese “bargain” button bargain ideograph
🈹	ideograma japones para "descuento" descuento kanji japanese “discount” button discount ideograph
🈚	ideograma japones para "gratis" gratis kanji japanese “free of charge” button charge free ideograph
🈲	ideograma japones para "prohibido" kanji prohibido japanese “prohibited” button ideograph prohibited
🉑	ideograma japones para "aceptable" aceptable kanji japanese “acceptable” button acceptable ideograph
🈸	ideograma japones para "aplicacion" aplicacion kanji japanese “application” button application ideograph
🈴	ideograma japones para "aprobado" aprobado kanji japanese “passing grade” button grade ideograph passing
🈳	ideograma japones para "vacante" kanji vacante japanese “vacancy” button ideograph vacancy
㊗️	ideograma japones para "enhorabuena" enhorabuena kanji japanese “congratulations” button congratulations ideograph
㊙️	ideograma japones para "secreto" kanji secreto japanese “secret” button ideograph secret
🈺	ideograma japones para "abierto" abierto kanji japanese “open for business” button business ideograph open
🈵	ideograma japones para "completo" completo kanji lleno japanese “no vacancy” button ideograph no vacancy
🔴	circulo rojo geometria red circle geometric
🟠	circulo naranja orange circle
🟡	circulo amarillo yellow circle
🟢	circulo verde green circle
🔵	circulo azul geometria blue circle geometric
🟣	circulo morado lila purpura purple circle
🟤	circulo marron brown circle
⚫	circulo negro geometria black circle geometric
⚪	circulo blanco geometria white circle geometric
🟥	cuadrado rojo red square card penalty
🟧	cuadrado naranja orange square
🟨	cuadrado amarillo yellow square card penalty
🟩	cuadrado verde green square
🟦	cuadrado azul blue square
🟪	cuadrado morado lila purpura purple square
🟫	cuadrado marron brown square
⬛	cuadrado negro grande geometria black large square geometric
⬜	cuadrado blanco grande geometria white large square geometric
◼️	cuadrado negro mediano geometria black medium square geometric
◻️	cuadrado blanco mediano geometria white medium square geometric
◾	cuadrado negro mediano-pequeno geometria black medium-small square geometric
◽	cuadrado blanco mediano-pequeno geometria white medium-small square geometric
▪️	cuadrado negro pequeno geometria black small square geometric
▫️	cuadrado blanco pequeno geometria white small square geometric
🔶	rombo naranja grande geometria large orange diamond geometric
🔷	rombo azul grande geometria large blue diamond geometric
🔸	rombo naranja pequeno geometria small orange diamond geometric
🔹	rombo azul pequeno geometria small blue diamond geometric
🔺	triangulo rojo hacia arriba geometria red triangle pointed up geometric
🔻	triangulo rojo hacia abajo geometria red triangle pointed down geometric
💠	rombo con petalo flor geometria diamond with a dot comic geometric
🔘	boton de opcion radio button geometric
🔳	boton cuadrado con borde blanco white square button geometric outlined
🔲	boton cuadrado con borde negro black square button geometric
#group 🏁
🏁	bandera de cuadros carreras deporte motor chequered flag checkered finish flags game race racing sport win
🚩	bandera triangular de localizacion informativa flag construction golf post
🎌	banderas cruzadas celebracion japon crossed flags celebration cross japanese
🏴	bandera negra ondear black flag waving
🏳️	bandera blanca ondear white flag waving
🏳️‍🌈	bandera del arcoiris rainbow flag bisexual gay genderqueer glbt glbtq lesbian lgbt lgbtq lgbtqia pride queer trans transgender
🏳️‍⚧️	bandera transgenero azul blanco lgtb rosa transgender flag blue light pink white
🏴‍☠️	bandera pirata botin jolly roger tesoro pirate flag plunder treasure
🇦🇨	bandera isla de la ascension flag island
🇦🇩	bandera andorra flag
🇦🇪	bandera emiratos arabes unidos flag united arab emirates
🇦🇫	bandera afganistan flag afghanistan
🇦🇬	bandera antigua y barbuda flag &
🇦🇮	bandera anguila flag anguilla
🇦🇱	bandera albania flag
🇦🇲	bandera armenia flag
🇦🇴	bandera angola flag
🇦🇶	bandera antartida flag antarctica
🇦🇷	bandera argentina flag
🇦🇸	bandera samoa americana flag american
🇦🇹	bandera austria flag
🇦🇺	bandera australia flag
🇦🇼	bandera aruba flag
🇦🇽	bandera islas aland flag islands
🇦🇿	bandera azerbaiyan flag azerbaijan
🇧🇦	bandera bosnia y herzegovina flag &
🇧🇧	bandera barbados flag
🇧🇩	bandera banglades flag bangladesh
🇧🇪	bandera belgica flag belgium
🇧🇫	bandera burkina faso flag
🇧🇬	bandera bulgaria flag
🇧🇭	bandera barein flag bahrain
🇧🇮	bandera burundi flag
🇧🇯	bandera benin flag
🇧🇱	bandera san bartolome flag st. barthelemy
🇧🇲	bandera bermudas flag bermuda
🇧🇳	bandera brunei flag
🇧🇴	bandera bolivia flag
🇧🇶	bandera caribe neerlandes flag caribbean netherlands
🇧🇷	bandera brasil flag brazil
🇧🇸	bandera bahamas flag
🇧🇹	bandera butan flag bhutan
🇧🇻	bandera isla bouvet flag island
🇧🇼	bandera botsuana flag botswana
🇧🇾	bandera bielorrusia flag belarus
🇧🇿	bandera belice flag belize
🇨🇦	bandera canada flag
🇨🇨	bandera islas cocos flag (keeling) islands
🇨🇩	bandera republica democratica del congo flag - kinshasa
🇨🇫	bandera republica centroafricana flag central african republic
🇨🇬	bandera congo flag - brazzaville
🇨🇭	bandera suiza flag switzerland
🇨🇮	bandera cote d’ivoire flag
🇨🇰	bandera islas cook flag islands
🇨🇱	bandera chile flag
🇨🇲	bandera camerun flag cameroon
🇨🇳	bandera china flag
🇨🇴	bandera colombia flag
🇨🇵	bandera isla clipperton flag island
🇨🇶	bandera sark flag
🇨🇷	bandera costa rica flag
🇨🇺	bandera cuba flag
🇨🇻	bandera cabo verde flag cape
🇨🇼	bandera curazao flag curacao
🇨🇽	bandera isla de navidad flag christmas island
🇨🇾	bandera chipre flag cyprus
🇨🇿	bandera chequia flag czechia
🇩🇪	bandera alemania flag germany
🇩🇬	bandera diego garcia flag
🇩🇯	bandera yibuti flag djibouti
🇩🇰	bandera dinamarca flag denmark
🇩🇲	bandera dominica flag
🇩🇴	bandera republica dominicana flag dominican republic
🇩🇿	bandera argelia flag algeria
🇪🇦	bandera ceuta y melilla flag &
🇪🇨	bandera ecuador flag
🇪🇪	bandera estonia flag
🇪🇬	bandera egipto flag egypt
🇪🇭	bandera sahara occidental flag western
🇪🇷	bandera eritrea flag
🇪🇸	bandera espana flag spain
🇪🇹	bandera etiopia flag ethiopia
🇪🇺	bandera union europea flag european
🇫🇮	bandera finlandia flag finland
🇫🇯	bandera fiyi flag fiji
🇫🇰	bandera islas malvinas flag falkland islands
🇫🇲	bandera micronesia flag
🇫🇴	bandera islas feroe flag faroe islands
🇫🇷	bandera francia flag france
🇬🇦	bandera gabon flag
🇬🇧	bandera reino unido flag united kingdom
🇬🇩	bandera granada flag grenada
🇬🇪	bandera georgia flag
🇬🇫	bandera guayana francesa flag french guiana
🇬🇬	bandera guernesey flag guernsey
🇬🇭	bandera ghana flag
🇬🇮	bandera gibraltar flag
🇬🇱	bandera groenlandia flag greenland
🇬🇲	bandera gambia flag
🇬🇳	bandera guinea flag
🇬🇵	bandera guadalupe flag guadeloupe
🇬🇶	bandera guinea ecuatorial flag equatorial
🇬🇷	bandera grecia flag greece
🇬🇸	bandera islas georgia del sur y sandwich flag south & islands
🇬🇹	bandera guatemala flag
🇬🇺	bandera guam flag
🇬🇼	bandera guinea-bisau flag guinea-bissau
🇬🇾	bandera guyana flag
🇭🇰	bandera rae de hong kong (china) flag sar china
🇭🇲	bandera islas heard y mcdonald flag island & islands
🇭🇳	bandera honduras flag
🇭🇷	bandera croacia flag croatia
🇭🇹	bandera haiti flag
🇭🇺	bandera hungria flag hungary
🇮🇨	bandera canarias flag canary islands
🇮🇩	bandera indonesia flag
🇮🇪	bandera irlanda flag ireland
🇮🇱	bandera israel flag
🇮🇲	bandera isla de man flag isle of
🇮🇳	bandera india flag
🇮🇴	bandera territorio britanico del oceano indico flag british indian ocean territory
🇮🇶	bandera irak flag iraq
🇮🇷	bandera iran flag
🇮🇸	bandera islandia flag iceland
🇮🇹	bandera italia flag italy
🇯🇪	bandera jersey flag
🇯🇲	bandera jamaica flag
🇯🇴	bandera jordania flag jordan
🇯🇵	bandera japon flag japan
🇰🇪	bandera kenia flag kenya
🇰🇬	bandera kirguistan flag kyrgyzstan
🇰🇭	bandera camboya flag cambodia
🇰🇮	bandera kiribati flag
🇰🇲	bandera comoras flag comoros
🇰🇳	bandera san cristobal y nieves flag st. kitts & nevis
🇰🇵	bandera corea del norte flag north korea
🇰🇷	bandera corea del sur flag south korea
🇰🇼	bandera kuwait flag
🇰🇾	bandera islas caiman flag cayman islands
🇰🇿	bandera kazajistan flag kazakhstan
🇱🇦	bandera laos flag
🇱🇧	bandera libano flag lebanon
🇱🇨	bandera santa lucia flag st.
🇱🇮	bandera liechtenstein flag
🇱🇰	bandera sri lanka flag
🇱🇷	bandera liberia flag
🇱🇸	bandera lesoto flag lesotho
🇱🇹	bandera lituania flag lithuania
🇱🇺	bandera luxemburgo flag luxembourg
🇱🇻	bandera letonia flag latvia
🇱🇾	bandera libia flag libya
🇲🇦	bandera marruecos flag morocco
🇲🇨	bandera monaco flag
🇲🇩	bandera moldavia flag moldova
🇲🇪	bandera montenegro flag
🇲🇫	bandera san martin flag st.
🇲🇬	bandera madagascar flag
🇲🇭	bandera islas marshall flag islands
🇲🇰	bandera macedonia del norte flag north
🇲🇱	bandera mali flag
🇲🇲	bandera myanmar (birmania) flag (burma)
🇲🇳	bandera mongolia flag
🇲🇴	bandera rae de macao (china) flag sar china
🇲🇵	bandera islas marianas del norte flag northern mariana islands
🇲🇶	bandera martinica flag martinique
🇲🇷	bandera mauritania flag
🇲🇸	bandera montserrat flag
🇲🇹	bandera malta flag
🇲🇺	bandera mauricio flag mauritius
🇲🇻	bandera maldivas flag maldives
🇲🇼	bandera malaui flag malawi
🇲🇽	bandera mexico flag
🇲🇾	bandera malasia flag malaysia
🇲🇿	bandera mozambique flag
🇳🇦	bandera namibia flag
🇳🇨	bandera nueva caledonia flag new
🇳🇪	bandera niger flag
🇳🇫	bandera isla norfolk flag island
🇳🇬	bandera nigeria flag
🇳🇮	bandera nicaragua flag
🇳🇱	bandera paises bajos flag netherlands
🇳🇴	bandera noruega flag norway
🇳🇵	bandera nepal flag
🇳🇷	bandera nauru flag
🇳🇺	bandera niue flag
🇳🇿	bandera nueva zelanda flag new zealand
🇴🇲	bandera oman flag
🇵🇦	bandera panama flag
🇵🇪	bandera peru flag
🇵🇫	bandera polinesia francesa flag french polynesia
🇵🇬	bandera papua nueva guinea flag new
🇵🇭	bandera filipinas flag philippines
🇵🇰	bandera pakistan flag
🇵🇱	bandera polonia flag poland
🇵🇲	bandera san pedro y miquelon flag st. pierre &
🇵🇳	bandera islas pitcairn flag islands
🇵🇷	bandera puerto rico flag
🇵🇸	bandera territorios palestinos flag palestinian territories
🇵🇹	bandera portugal flag
🇵🇼	bandera palaos flag palau
🇵🇾	bandera paraguay flag
🇶🇦	bandera catar flag qatar
🇷🇪	bandera reunion flag
🇷🇴	bandera rumania flag romania
🇷🇸	bandera serbia flag
🇷🇺	bandera rusia flag russia
🇷🇼	bandera ruanda flag rwanda
🇸🇦	bandera arabia saudi flag
🇸🇧	bandera islas salomon flag solomon islands
🇸🇨	bandera seychelles flag
🇸🇩	bandera sudan flag
🇸🇪	bandera suecia flag sweden
🇸🇬	bandera singapur flag singapore
🇸🇭	bandera santa elena flag st. helena ascension & tristan da cunha
🇸🇮	bandera eslovenia flag slovenia
🇸🇯	bandera svalbard y jan mayen flag &
🇸🇰	bandera eslovaquia flag slovakia
🇸🇱	bandera sierra leona flag leone
🇸🇲	bandera san marino flag
🇸🇳	bandera senegal flag
🇸🇴	bandera somalia flag
🇸🇷	bandera surinam flag suriname
🇸🇸	bandera sudan del sur flag south
🇸🇹	bandera santo tome y principe flag sao &
🇸🇻	bandera el salvador flag
🇸🇽	bandera sint maarten flag
🇸🇾	bandera siria flag syria
🇸🇿	bandera esuatini flag eswatini
🇹🇦	bandera tristan de acuna flag da cunha
🇹🇨	bandera islas turcas y caicos flag turks & islands
🇹🇩	bandera chad flag
🇹🇫	bandera territorios australes franceses flag french southern and antarctic lands
🇹🇬	bandera togo flag
🇹🇭	bandera tailandia flag thailand
🇹🇯	bandera tayikistan flag tajikistan
🇹🇰	bandera tokelau flag
🇹🇱	bandera timor-leste flag
🇹🇲	bandera turkmenistan flag
🇹🇳	bandera tunez flag tunisia
🇹🇴	bandera tonga flag
🇹🇷	bandera turquia flag turkiye
🇹🇹	bandera trinidad y tobago flag &
🇹🇻	bandera tuvalu flag
🇹🇼	bandera taiwan flag
🇹🇿	bandera tanzania flag
🇺🇦	bandera ucrania flag ukraine
🇺🇬	bandera uganda flag
🇺🇲	bandera islas menores alejadas de ee. uu. flag u.s. outlying islands
🇺🇳	bandera naciones unidas flag united nations
🇺🇸	bandera estados unidos flag united states
🇺🇾	bandera uruguay flag
🇺🇿	bandera uzbekistan flag
🇻🇦	bandera ciudad del vaticano flag vatican city
🇻🇨	bandera san vicente y las granadinas flag st. vincent & grenadines
🇻🇪	bandera venezuela flag
🇻🇬	bandera islas virgenes britanicas flag british virgin islands
🇻🇮	bandera islas virgenes de ee. uu. flag u.s. virgin islands
🇻🇳	bandera vietnam flag
🇻🇺	bandera vanuatu flag
🇼🇫	bandera wallis y futuna flag &
🇼🇸	bandera samoa flag
🇽🇰	bandera kosovo flag
🇾🇪	bandera yemen flag
🇾🇹	bandera mayotte flag
🇿🇦	bandera sudafrica flag south africa
🇿🇲	bandera zambia flag
🇿🇼	bandera zimbabue flag zimbabwe
🏴󠁧󠁢󠁥󠁮󠁧󠁿	bandera inglaterra flag england
🏴󠁧󠁢󠁳󠁣󠁴󠁿	bandera escocia flag scotland
🏴󠁧󠁢󠁷󠁬󠁳󠁿	bandera gales flag wales
